Date,adjusted_close
2020-01-02,19.819534301757812
2020-01-03,19.819534301757812
2020-01-06,19.56583023071289
2020-01-07,19.50494384765625
2020-01-08,19.41360855102539
2020-01-09,19.677459716796875
2020-01-10,19.748497009277344
2020-01-13,19.890573501586914
2020-01-14,20.012351989746094
2020-01-15,19.809383392333984
2020-01-16,19.748497009277344
2020-01-17,19.748497009277344
2020-01-20,19.82968521118164
2020-01-30,18.703227996826172
2020-01-31,18.84992027282715
2020-02-03,18.66132164001465
2020-02-04,18.986133575439453
2020-02-05,19.038524627685547
2020-02-06,19.342388153076172
2020-02-07,19.111867904663086
2020-02-10,19.06995964050293
2020-02-11,19.227127075195312
2020-02-12,19.415729522705078
2020-02-13,19.44716453552246
2020-02-14,19.47859764099121
2020-02-17,19.342388153076172
2020-02-18,19.08043098449707
2020-02-19,19.30047607421875
2020-02-20,19.21664810180664
2020-02-21,19.122352600097656
2020-02-24,18.88135528564453
2020-02-25,18.93374252319336
2020-02-26,18.745136260986328
2020-02-27,18.577489852905273
2020-03-02,18.305063247680664
2020-03-03,18.5670166015625
2020-03-04,18.6927490234375
2020-03-05,18.902311325073242
2020-03-06,18.514623641967773
2020-03-09,17.990724563598633
2020-03-10,18.08502769470215
2020-03-11,17.875469207763672
2020-03-12,17.21535301208496
2020-03-13,16.9743595123291
2020-03-16,16.198986053466797
2020-03-17,15.685566902160645
2020-03-18,15.255967140197754
2020-03-19,14.365338325500488
2020-03-20,15.507439613342285
2020-03-23,14.836844444274902
2020-03-24,15.559829711914062
2020-03-25,16.10468292236328
2020-03-26,16.17802619934082
2020-03-27,16.052291870117188
2020-03-30,15.895121574401855
2020-03-31,15.957992553710938
2020-04-01,15.90560245513916
2020-04-06,16.146595001220703
2020-04-07,16.450456619262695
2020-04-08,16.68097496032715
2020-04-09,16.607627868652344
2020-04-10,16.618106842041016
2020-04-13,16.513328552246094
2020-04-14,16.963878631591797
2020-04-15,17.01626968383789
2020-04-16,16.93244743347168
2020-04-17,17.445863723754883
2020-04-20,17.393476486206055
2020-04-21,16.890533447265625
2020-04-22,16.890533447265625
2020-04-23,16.953405380249023
2020-04-24,16.953405380249023
2020-04-27,17.299177169799805
2020-04-28,17.299177169799805
2020-04-29,17.540170669555664
2020-04-30,17.917381286621094
2020-05-04,17.393476486206055
2020-05-05,17.4773006439209
2020-05-06,17.498258590698242
2020-05-07,17.57160186767578
2020-05-08,17.6763858795166
2020-05-11,17.823074340820312
2020-05-12,17.61351776123047
2020-05-13,17.665904998779297
2020-05-14,17.456348419189453
2020-05-15,17.57160186767578
2020-05-18,17.424915313720703
2020-05-19,17.58208465576172
2020-05-20,17.561126708984375
2020-05-21,17.70781898498535
2020-05-22,17.382999420166016
2020-05-25,17.498258590698242
2020-05-26,17.697338104248047
2020-05-27,17.6763858795166
2020-05-28,17.57160186767578
2020-05-29,17.697338104248047
2020-06-01,17.791641235351562
2020-06-02,17.875469207763672
2020-06-03,18.189802169799805
2020-06-04,18.35744857788086
2020-06-05,18.514623641967773
2020-06-08,18.7556209564209
2020-06-09,18.77657127380371
2020-06-10,18.954700469970703
2020-06-11,18.66132164001465
2020-06-12,18.49366569519043
2020-06-15,18.231719970703125
2020-06-16,18.6298828125
2020-06-17,18.65083885192871
2020-06-18,18.6298828125
2020-06-19,18.619403839111328
2020-06-22,18.66132164001465
2020-06-23,18.745136260986328
2020-06-24,18.860395431518555
2020-06-29,18.671794891357422
2020-06-30,18.839445114135742
2020-07-01,18.965177536010742
2020-07-02,19.17473602294922
2020-07-03,19.394777297973633
2020-07-06,19.730072021484375
2020-07-07,19.803415298461914
2020-07-08,19.93963050842285
2020-07-09,20.00249671936035
2020-07-10,19.83485221862793
2020-07-13,20.128236770629883
2020-07-14,20.25397491455078
2020-07-15,20.33779525756836
2020-07-16,20.138717651367188
2020-07-17,20.36922836303711
2020-07-20,20.33779525756836
2020-07-21,20.833839416503906
2020-07-22,20.886606216430664
2020-07-23,20.865497589111328
2020-07-24,20.791622161865234
2020-07-27,21.804821014404297
2020-07-28,21.868141174316406
2020-07-29,21.646509170532227
2020-07-30,21.9631290435791
2020-07-31,21.910358428955078
2020-08-03,21.530412673950195
2020-08-04,21.804821014404297
2020-08-05,22.015901565551758
2020-08-06,22.248088836669922
2020-08-07,22.089778900146484
2020-08-10,22.290307998657227
2020-08-11,22.121440887451172
2020-08-12,21.794261932373047
2020-08-13,22.005346298217773
2020-08-14,22.058115005493164
2020-08-17,22.290307998657227
2020-08-18,22.16365623474121
2020-08-19,22.005346298217773
2020-08-20,21.234895706176758
2020-08-21,21.699277877807617
2020-08-24,21.76259994506836
2020-08-25,21.931467056274414
2020-08-26,22.015901565551758
2020-08-27,22.06867218017578
2020-08-28,21.847034454345703
2020-08-31,21.488197326660156
2020-09-01,21.815372467041016
2020-09-02,21.741493225097656
2020-09-03,21.804821014404297
2020-09-04,21.646509170532227
2020-09-07,21.614845275878906
2020-09-08,21.741493225097656
2020-09-09,21.59373664855957
2020-09-10,21.783710479736328
2020-09-11,21.794261932373047
2020-09-14,22.06867218017578
2020-09-15,22.15310287475586
2020-09-16,22.490835189819336
2020-09-17,22.248088836669922
2020-09-18,22.22698211669922
2020-09-21,22.047563552856445
2020-09-22,21.76259994506836
2020-09-23,21.730937957763672
2020-09-24,21.203231811523438
2020-09-25,21.245452880859375
2020-09-28,21.59373664855957
2020-09-29,21.646509170532227
2020-09-30,21.741493225097656
2020-10-05,21.75204849243164
2020-10-06,22.005346298217773
2020-10-07,22.121440887451172
2020-10-08,22.41695785522461
2020-10-12,22.59638023376465
2020-10-13,22.606931686401367
2020-10-14,22.522493362426758
2020-10-15,22.311416625976562
2020-10-16,22.216426849365234
2020-10-19,22.50139045715332
2020-10-20,22.374740600585938
2020-10-21,22.364185333251953
2020-10-22,22.395849227905273
2020-10-23,22.395849227905273
2020-10-26,22.395849227905273
2020-10-27,22.269201278686523
2020-10-28,22.16365623474121
2020-10-29,21.92091178894043
2020-10-30,21.741493225097656
2020-11-02,21.8259220123291
2020-11-03,22.079225540161133
2020-11-04,22.406400680541992
2020-11-05,22.385295867919922
2020-11-06,22.522493362426758
2020-11-09,22.818016052246094
2020-11-10,22.606931686401367
2020-11-11,22.955219268798828
2020-11-12,22.965768814086914
2020-11-13,23.060760498046875
2020-11-16,23.81010627746582
2020-11-17,23.97896957397461
2020-11-18,24.137277603149414
2020-11-19,24.095064163208008
2020-11-20,24.06340217590332
2020-11-23,24.369468688964844
2020-11-24,24.253376007080078
2020-11-25,24.052845001220703
2020-11-26,24.242816925048828
2020-11-27,24.200603485107422
2020-11-30,23.9156436920166
2020-12-01,24.126724243164062
2020-12-02,24.358917236328125
2020-12-03,24.358917236328125
2020-12-04,24.759973526000977
2020-12-07,24.992164611816406
2020-12-08,25.3404483795166
2020-12-09,25.3404483795166
2020-12-10,25.034378051757812
2020-12-11,25.066041946411133
2020-12-14,24.960500717163086
2020-12-15,24.70720672607422
2020-12-16,25.171581268310547
2020-12-17,25.034378051757812
2020-12-18,24.9499454498291
2020-12-21,25.19269371032715
2020-12-22,24.90772819519043
2020-12-23,24.93939208984375
2020-12-24,25.076597213745117
2020-12-25,25.108259201049805
2020-12-28,25.329896926879883
2020-12-29,25.30879020690918
2020-12-30,25.667627334594727
2020-12-31,25.80483055114746
2021-01-04,26.24810218811035
2021-01-05,26.30087661743164
2021-01-06,26.58583641052246
2021-01-07,27.208526611328125
2021-01-08,27.694015502929688
2021-01-11,27.926212310791016
2021-01-12,27.883995056152344
2021-01-13,28.559457778930664
2021-01-14,28.295604705810547
2021-01-15,28.390588760375977
2021-01-18,28.369478225708008
2021-01-19,29.118824005126953
2021-01-20,29.171594619750977
2021-01-21,30.184789657592773
2021-01-22,29.645586013793945
2021-01-25,29.246572494506836
2021-01-26,28.6534481048584
2021-01-27,28.696578979492188
2021-01-28,28.114240646362305
2021-01-29,27.65052032470703
2021-02-01,28.200511932373047
2021-02-02,28.998537063598633
2021-02-03,28.976974487304688
2021-02-04,28.804420471191406
2021-02-05,29.074026107788086
2021-02-17,30.3142032623291
2021-02-18,30.27106475830078
2021-02-19,29.947547912597656
2021-02-22,29.93675994873047
2021-02-23,29.872051239013672
2021-02-24,29.42990493774414
2021-02-25,29.667152404785156
2021-02-26,28.772066116333008
2021-03-02,28.782854080200195
2021-03-03,29.20343017578125
2021-03-04,28.631874084472656
2021-03-05,28.459331512451172
2021-03-08,28.437761306762695
2021-03-09,28.32992172241211
2021-03-10,28.448543548583984
2021-03-11,29.052459716796875
2021-03-12,29.171083450317383
2021-03-15,29.09559440612793
2021-03-16,29.192655563354492
2021-03-17,28.94461441040039
2021-03-18,29.09559440612793
2021-03-19,28.642658233642578
2021-03-22,28.772066116333008
2021-03-23,28.815204620361328
2021-03-24,28.362272262573242
2021-03-25,28.459331512451172
2021-03-26,28.976974487304688
2021-03-29,29.214218139648438
2021-03-30,29.311275482177734
2021-03-31,29.063243865966797
2021-04-01,29.278921127319336
2021-04-07,29.7210750579834
2021-04-08,29.818132400512695
2021-04-09,29.75342559814453
2021-04-12,29.58087921142578
2021-04-13,29.58087921142578
2021-04-14,29.74264144897461
2021-04-15,29.990673065185547
2021-04-16,30.033811569213867
2021-04-19,30.087736129760742
2021-04-20,30.033811569213867
2021-04-21,29.76420783996582
2021-04-22,29.74264144897461
2021-04-23,30.01224136352539
2021-04-26,30.454395294189453
2021-04-27,30.46518325805664
2021-04-28,30.281850814819336
2021-04-29,30.32498550415039
2021-05-03,29.818132400512695
2021-05-04,29.559314727783203
2021-05-05,29.278921127319336
2021-05-06,29.537744522094727
2021-05-07,30.066171646118164
2021-05-10,29.861268997192383
2021-05-11,28.739717483520508
2021-05-12,27.909339904785156
2021-05-13,27.499542236328125
2021-05-14,27.81228256225586
2021-05-17,27.28386116027832
2021-05-18,28.534822463989258
2021-05-19,28.3407039642334
2021-05-20,28.146591186523438
2021-05-21,28.545608520507812
2021-05-24,28.502464294433594
2021-05-25,28.987749099731445
2021-05-26,29.009319305419922
2021-05-27,28.804420471191406
2021-05-28,29.289710998535156
2021-05-31,29.570100784301758
2021-06-01,29.699508666992188
2021-06-02,29.699508666992188
2021-06-03,29.67793846130371
2021-06-04,29.537744522094727
2021-06-07,29.613237380981445
2021-06-08,29.44068717956543
2021-06-09,29.225006103515625
2021-06-10,29.67793846130371
2021-06-11,29.78577423095703
2021-06-15,29.947547912597656
2021-06-16,29.915185928344727
2021-06-17,29.82891845703125
2021-06-18,29.76420783996582
2021-06-21,29.052459716796875
2021-06-22,29.084808349609375
2021-06-23,29.559314727783203
2021-06-24,29.48382568359375
2021-06-25,29.537744522094727
2021-06-28,29.591659545898438
2021-06-29,29.67793846130371
2021-06-30,29.969106674194336
2021-07-01,29.82891845703125
2021-07-02,29.82891845703125
2021-07-05,30.109304428100586
2021-07-06,30.141651153564453
2021-07-07,29.97989273071289
2021-07-08,29.947547912597656
2021-07-09,29.710290908813477
2021-07-12,29.97989273071289
2021-07-13,30.227928161621094
2021-07-14,30.30341148376465
2021-07-15,30.58380699157715
2021-07-16,30.174009323120117
2021-07-19,29.82891845703125
2021-07-20,29.591659545898438
2021-07-21,29.559226989746094
2021-07-22,29.764652252197266
2021-07-23,29.764652252197266
2021-07-26,29.505172729492188
2021-07-27,29.494356155395508
2021-07-28,29.029451370239258
2021-07-29,29.51598358154297
2021-07-30,29.418678283691406
2021-08-02,29.818710327148438
2021-08-03,29.937641143798828
2021-08-04,30.110628128051758
2021-08-05,30.056568145751953
2021-08-06,30.013324737548828
2021-08-09,29.92682456970215
2021-08-10,29.764652252197266
2021-08-11,29.66734504699707
2021-08-12,29.6132869720459
2021-08-13,29.332181930541992
2021-08-16,29.267316818237305
2021-08-17,29.051082611083984
2021-08-18,29.170007705688477
2021-08-19,28.499679565429688
2021-08-20,28.272634506225586
2021-08-23,29.051082611083984
2021-08-24,29.137571334838867
2021-08-25,29.418678283691406
2021-08-26,29.62409782409668
2021-08-27,29.872764587402344
2021-08-30,30.164688110351562
2021-08-31,30.348482131958008
2021-09-01,30.489032745361328
2021-09-02,30.251178741455078
2021-09-03,30.68364906311035
2021-09-06,30.824201583862305
2021-09-07,30.68364906311035
2021-09-08,30.413358688354492
2021-09-09,30.33767318725586
2021-09-10,30.6944637298584
2021-09-13,30.586341857910156
2021-09-14,30.618778228759766
2021-09-15,30.434974670410156
2021-09-16,30.2944278717041
2021-09-17,30.38091468811035
2021-09-22,29.66734504699707
2021-09-23,29.840333938598633
2021-09-24,30.19712257385254
2021-09-27,30.272802352905273
2021-09-28,30.056568145751953
2021-09-29,29.407859802246094
2021-09-30,29.63491439819336
2021-10-01,28.964580535888672
2021-10-04,28.791595458984375
2021-10-05,28.74835205078125
2021-10-06,28.7591609954834
2021-10-07,29.267316818237305
2021-10-08,29.01864242553711
2021-10-12,28.726730346679688
2021-10-13,28.629419326782227
2021-10-14,28.705101013183594
2021-10-15,29.461925506591797
2021-10-18,29.37543296813965
2021-10-19,29.6132869720459
2021-10-20,29.537607192993164
2021-10-21,29.42949104309082
2021-10-22,29.51598358154297
2021-10-25,29.494356155395508
2021-10-26,29.743032455444336
2021-10-27,29.743032455444336
2021-10-28,29.656530380249023
2021-10-29,29.364622116088867
2021-11-01,29.51598358154297
2021-11-02,29.461925506591797
2021-11-03,29.537607192993164
2021-11-04,29.440298080444336
2021-11-05,29.861953735351562
2021-11-08,30.09981346130371
2021-11-09,30.42416763305664
2021-11-10,30.38091468811035
2021-11-11,30.110628128051758
2021-11-12,30.207929611206055
2021-11-15,30.478221893310547
2021-11-16,30.53228187561035
2021-11-17,30.629592895507812
2021-11-18,30.802570343017578
2021-11-19,30.87826156616211
2021-11-22,30.802570343017578
2021-11-23,30.51066017150879
2021-11-24,30.38091468811035
2021-11-25,30.370107650756836
2021-11-26,29.872764587402344
2021-11-29,29.872764587402344
2021-11-30,29.840333938598633
2021-12-01,30.33767318725586
2021-12-02,30.66202735900879
2021-12-03,30.651212692260742
2021-12-06,30.564722061157227
2021-12-07,30.66202735900879
2021-12-08,30.78095817565918
2021-12-09,30.705272674560547
2021-12-10,30.6944637298584
2021-12-13,30.59714698791504
2021-12-14,30.2944278717041
2021-12-15,30.33767318725586
2021-12-16,30.716083526611328
2021-12-17,30.68364906311035
2021-12-20,30.413358688354492
2021-12-21,30.67283821105957
2021-12-22,30.67283821105957
2021-12-23,30.8458194732666
2021-12-24,30.93231964111328
2021-12-27,31.170169830322266
2021-12-28,31.418840408325195
2021-12-29,31.55939483642578
2021-12-30,31.46209716796875
2022-01-03,31.65670394897461
2022-01-04,32.34864807128906
2022-01-05,32.28377914428711
2022-01-06,31.98105239868164
2022-01-07,31.699949264526367
2022-01-10,31.90536880493164
2022-01-11,32.06755065917969
2022-01-12,32.337833404541016
2022-01-13,32.500022888183594
2022-01-14,32.500022888183594
2022-01-17,32.86761474609375
2022-01-18,32.500022888183594
2022-01-19,32.11079406738281
2022-01-20,32.240535736083984
2022-01-21,31.522357940673828
2022-01-24,31.8206787109375
2022-01-25,31.301380157470703
2022-01-26,31.279277801513672
2022-02-07,31.44502067565918
2022-02-08,31.577606201171875
2022-02-09,31.68808937072754
2022-02-10,32.052703857421875
2022-02-11,32.03060531616211
2022-02-14,31.533411026000977
2022-02-15,31.389772415161133
2022-02-16,31.909069061279297
2022-02-17,31.931163787841797
2022-02-18,31.8427734375
2022-02-21,31.776485443115234
2022-02-22,31.345582962036133
2022-02-23,31.43396759033203
2022-02-24,30.671600341796875
2022-02-25,30.605304718017578
2022-03-01,31.036211013793945
2022-03-02,30.85942840576172
2022-03-03,30.925722122192383
2022-03-04,30.594255447387695
2022-03-07,29.61090660095215
2022-03-08,28.98112678527832
2022-03-09,29.279441833496094
2022-03-10,30.130207061767578
2022-03-11,29.699296951293945
2022-03-14,29.699296951293945
2022-03-15,29.091611862182617
2022-03-16,29.213150024414062
2022-03-17,30.14124870300293
2022-03-18,30.074962615966797
2022-03-21,30.273836135864258
2022-03-22,30.22964859008789
2022-03-23,30.51691246032715
2022-03-24,30.494815826416016
2022-03-25,30.53901481628418
2022-03-28,30.20754623413086
2022-03-29,30.240694046020508
2022-03-30,30.616355895996094
2022-03-31,30.51691246032715
2022-04-01,30.262788772583008
2022-04-06,30.108108520507812
2022-04-07,29.566713333129883
2022-04-08,29.732450485229492
2022-04-11,29.26839256286621
2022-04-12,29.290491104125977
2022-04-13,29.842939376831055
2022-04-14,29.732450485229492
2022-04-15,29.224199295043945
2022-04-18,29.06951332092285
2022-04-19,29.168954849243164
2022-04-20,29.312589645385742
2022-04-21,29.334688186645508
2022-04-22,29.08056640625
2022-04-25,28.56126594543457
2022-04-26,28.56126594543457
2022-04-27,27.964630126953125
2022-04-28,28.086166381835938
2022-04-29,28.450780868530273
2022-05-03,28.24085235595703
2022-05-04,28.24085235595703
2022-05-05,28.56126594543457
2022-05-06,27.98672866821289
2022-05-09,27.522676467895508
2022-05-10,27.401140213012695
2022-05-11,27.445331573486328
2022-05-12,26.793453216552734
2022-05-13,27.03652572631836
2022-05-16,27.180160522460938
2022-05-17,27.478477478027344
2022-05-18,27.77680015563965
2022-05-19,27.246458053588867
2022-05-20,27.544776916503906
2022-05-23,27.600017547607422
2022-05-24,27.290651321411133
2022-05-25,27.500579833984375
2022-05-26,27.15806770324707
2022-05-27,27.732606887817383
2022-05-30,28.406587600708008
2022-05-31,28.68280601501465
2022-06-01,28.539169311523438
2022-06-02,28.24085235595703
2022-06-06,28.43973159790039
2022-06-07,28.1524600982666
2022-06-08,28.461830139160156
2022-06-09,28.373435974121094
2022-06-10,28.086166381835938
2022-06-13,27.301700592041016
2022-06-14,27.257505416870117
2022-06-15,27.124919891357422
2022-06-16,27.069671630859375
2022-06-17,26.705060958862305
2022-06-20,26.46198844909668
2022-06-21,27.003381729125977
2022-06-22,26.406742095947266
2022-06-23,26.053180694580078
2022-06-24,26.108421325683594
2022-06-27,26.727161407470703
2022-06-28,26.47303581237793
2022-06-29,26.252059936523438
2022-06-30,25.589128494262695
2022-07-01,24.649978637695312
2022-07-04,24.406902313232422
2022-07-05,24.528438568115234
2022-07-06,24.05333709716797
2022-07-07,24.771514892578125
2022-07-08,25.025636672973633
2022-07-11,24.804662704467773
2022-07-12,24.208023071289062
2022-07-13,25.069835662841797
2022-07-14,25.191370010375977
2022-07-15,25.52283477783203
2022-07-18,25.63507080078125
2022-07-19,25.657520294189453
2022-07-20,25.825876235961914
2022-07-21,26.117692947387695
2022-07-22,26.218708038330078
2022-07-25,26.196256637573242
2022-07-26,25.96056365966797
2022-07-27,26.196256637573242
2022-07-28,26.24115753173828
2022-07-29,26.48807716369629
2022-08-01,26.409515380859375
2022-08-02,25.988922119140625
2022-08-03,26.1463623046875
2022-08-04,26.213838577270508
2022-08-05,26.877334594726562
2022-08-08,26.82110595703125
2022-08-09,26.798614501953125
2022-08-10,26.517473220825195
2022-08-11,27.001041412353516
2022-08-12,27.16972541809082
2022-08-15,27.41713523864746
2022-08-16,27.462116241455078
2022-08-17,27.47336196899414
2022-08-18,27.293426513671875
2022-08-19,27.338411331176758
2022-08-22,27.001041412353516
2022-08-23,26.584943771362305
2022-08-24,26.517473220825195
2022-08-25,26.76487922668457
2022-08-26,26.899826049804688
2022-08-29,26.213838577270508
2022-08-30,26.258819580078125
2022-08-31,26.44999885559082
2022-09-01,25.898956298828125
2022-09-02,25.617813110351562
2022-09-05,25.674039840698242
2022-09-06,25.842727661132812
2022-09-07,25.235458374023438
2022-09-08,25.415390014648438
2022-09-12,25.955184936523438
2022-09-13,26.090137481689453
2022-09-14,25.561582565307617
2022-09-15,25.606565475463867
2022-09-16,25.314180374145508
2022-09-19,25.20172119140625
2022-09-20,25.426633834838867
2022-09-21,25.212966918945312
2022-09-22,24.90932846069336
2022-09-23,24.67317008972168
2022-09-26,24.212095260620117
2022-09-27,24.178356170654297
2022-09-28,23.672298431396484
2022-09-29,23.59357452392578
2022-09-30,23.26744842529297
2022-10-03,22.986305236816406
2022-10-04,23.571086883544922
2022-10-05,24.122127532958984
2022-10-06,24.290815353393555
2022-10-07,23.885967254638672
2022-10-11,22.64893341064453
2022-10-12,22.536479949951172
2022-10-13,22.266582489013672
2022-10-14,22.907588958740234
2022-10-17,22.480249404907227
2022-10-18,22.73889923095703
2022-10-19,22.435266494750977
2022-10-20,22.311561584472656
2022-10-21,22.244089126586914
2022-10-24,22.176610946655273
2022-10-25,21.74927520751953
2022-10-26,21.951698303222656
2022-10-27,22.266582489013672
2022-10-28,21.985437393188477
2022-10-31,22.27782440185547
2022-11-01,22.401527404785156
2022-11-02,22.491497039794922
2022-11-03,22.19910430908203
2022-11-04,22.23284149169922
2022-11-07,22.61519432067871
2022-11-08,22.851356506347656
2022-11-09,23.503612518310547
2022-11-10,23.278696060180664
2022-11-11,24.51572608947754
2022-11-14,24.740646362304688
2022-11-15,25.79774284362793
2022-11-16,25.752763748168945
2022-11-17,25.764007568359375
2022-11-18,25.696533203125
2022-11-21,25.606565475463867
2022-11-22,25.820236206054688
2022-11-23,26.000165939331055
2022-11-24,26.247570037841797
2022-11-25,26.247570037841797
2022-11-28,25.719024658203125
2022-11-29,25.955184936523438
2022-11-30,26.168851852416992
2022-12-01,26.618684768676758
2022-12-02,26.382522583007812
2022-12-05,26.416257858276367
2022-12-06,25.932695388793945
2022-12-07,25.775251388549805
2022-12-08,25.47161865234375
2022-12-09,25.865219116210938
2022-12-12,25.617813110351562
2022-12-13,25.505355834960938
2022-12-14,25.820236206054688
2022-12-15,25.842727661132812
2022-12-16,25.415390014648438
2022-12-19,25.269195556640625
2022-12-20,24.808122634887695
2022-12-21,24.90932846069336
2022-12-22,25.325422286987305
2022-12-23,24.89808464050293
2022-12-26,24.98805046081543
2022-12-27,25.100507736206055
2022-12-28,24.740646362304688
2022-12-29,24.62818717956543
2022-12-30,24.785627365112305
2023-01-03,24.90932846069336
2023-01-04,24.853099822998047
2023-01-05,25.03303337097168
2023-01-06,25.14549446105957
2023-01-09,26.04515266418457
2023-01-10,26.1463623046875
2023-01-11,26.168851852416992
2023-01-12,26.056396484375
2023-01-13,26.360031127929688
2023-01-16,26.562456130981445
2023-01-17,26.562456130981445
2023-01-30,27.75833511352539
2023-01-31,27.20639419555664
2023-02-01,27.36737632751465
2023-02-02,27.827333450317383
2023-02-03,27.827333450317383
2023-02-06,27.42487144470215
2023-02-07,27.36737632751465
2023-02-08,27.792835235595703
2023-02-09,27.80433464050293
2023-02-10,27.827333450317383
2023-02-13,27.769838333129883
2023-02-14,27.976818084716797
2023-02-15,27.332881927490234
2023-02-16,27.666349411010742
2023-02-17,27.30988121032715
2023-02-20,27.36737632751465
2023-02-21,27.355876922607422
2023-02-22,27.056907653808594
2023-02-23,27.459367752075195
2023-02-24,27.321382522583008
2023-03-01,27.4478702545166
2023-03-02,27.42487144470215
2023-03-03,27.4478702545166
2023-03-06,27.712343215942383
2023-03-07,27.896326065063477
2023-03-08,27.666349411010742
2023-03-09,27.643348693847656
2023-03-10,27.20639419555664
2023-03-13,27.321382522583008
2023-03-14,27.022409439086914
2023-03-15,27.045408248901367
2023-03-16,26.918922424316406
2023-03-17,27.355876922607422
2023-03-20,27.160398483276367
2023-03-21,27.286884307861328
2023-03-22,27.80433464050293
2023-03-23,28.02281379699707
2023-03-24,28.103307723999023
2023-03-27,27.930822372436523
2023-03-28,27.689346313476562
2023-03-29,27.735342025756836
2023-03-30,27.873329162597656
2023-03-31,27.965320587158203
2023-04-06,27.827333450317383
2023-04-07,27.827333450317383
2023-04-10,27.827333450317383
2023-04-11,27.792835235595703
2023-04-12,27.72384262084961
2023-04-13,27.48236656188965
2023-04-14,27.746843338012695
2023-04-17,27.677846908569336
2023-04-18,27.585853576660156
2023-04-19,27.378875732421875
2023-04-20,27.344377517700195
2023-04-21,27.275386810302734
2023-04-24,27.171894073486328
2023-04-25,26.8154296875
2023-04-26,26.700441360473633
2023-04-27,26.67744255065918
2023-04-28,26.999412536621094
2023-05-02,27.068403244018555
2023-05-03,26.95341682434082
2023-05-04,27.022409439086914
2023-05-05,27.091405868530273
2023-05-08,27.26388931274414
2023-05-09,27.344377517700195
2023-05-10,27.091405868530273
2023-05-11,27.033910751342773
2023-05-12,26.95341682434082
2023-05-15,26.95341682434082
2023-05-16,27.275386810302734
2023-05-17,27.72384262084961
2023-05-18,28.091808319091797
2023-05-19,28.17230224609375
2023-05-22,28.126304626464844
2023-05-23,28.103307723999023
2023-05-24,27.965320587158203
2023-05-25,28.29878807067871
2023-05-26,28.965723037719727
2023-05-29,29.14970588684082
2023-05-30,29.14970588684082
2023-05-31,29.01171875
2023-06-01,28.7817440032959
2023-06-02,29.14970588684082
2023-06-05,29.057716369628906
2023-06-06,29.138206481933594
2023-06-07,29.460176467895508
2023-06-08,29.17270278930664
2023-06-09,29.391183853149414
2023-06-12,29.667156219482422
2023-06-13,30.253599166870117
2023-06-14,30.24209976196289
2023-06-15,30.334091186523438
2023-06-16,30.253599166870117
2023-06-19,30.184608459472656
2023-06-20,30.02362632751465
2023-06-21,30.02362632751465
2023-06-26,29.83963966369629
2023-06-27,29.644155502319336
2023-06-28,29.690156936645508
2023-06-29,29.67865753173828
2023-06-30,29.690156936645508
2023-07-03,30.05811882019043
2023-07-04,30.127111434936523
2023-07-05,30.081117630004883
2023-07-06,29.414182662963867
2023-07-07,29.36818504333496
2023-07-10,29.31068992614746
2023-07-11,29.713150024414062
2023-07-12,29.770645141601562
2023-07-13,30.10411262512207
2023-07-14,30.41458511352539
2023-07-17,30.357091903686523
2023-07-18,30.298757553100586
2023-07-19,30.042085647583008
2023-07-20,30.18208885192871
2023-07-21,29.6804141998291
2023-07-24,29.692079544067383
2023-07-25,30.065418243408203
2023-07-26,29.983749389648438
2023-07-27,30.217084884643555
2023-07-28,30.217084884643555
2023-07-31,30.053752899169922
2023-08-01,30.20542335510254
2023-08-02,29.832082748413086
2023-08-04,29.692079544067383
2023-08-07,29.983749389648438
2023-08-08,29.633745193481445
2023-08-09,29.6804141998291
2023-08-10,29.493745803833008
2023-08-11,29.47041130065918
2023-08-14,29.050405502319336
2023-08-15,29.09707260131836
2023-08-16,28.945405960083008
2023-08-17,29.07373809814453
2023-08-18,28.89873695373535
2023-08-21,28.700401306152344
2023-08-22,28.933734893798828
2023-08-23,29.13207244873047
2023-08-24,29.633745193481445
2023-08-25,29.06207275390625
2023-08-28,29.24873924255371
2023-08-29,29.412078857421875
2023-08-30,29.5404109954834
2023-08-31,29.33041000366211
2023-09-01,29.3770751953125
2023-09-04,29.575410842895508
2023-09-05,29.50541114807129
2023-09-06,29.400407791137695
2023-09-07,29.13207244873047
2023-09-08,29.003738403320312
2023-09-11,28.887069702148438
2023-09-12,29.178741455078125
2023-09-13,29.213741302490234
2023-09-14,29.622079849243164
2023-09-15,29.71541404724121
2023-09-18,29.400407791137695
2023-09-19,29.27207374572754
2023-09-20,29.108739852905273
2023-09-21,28.642066955566406
2023-09-22,28.61873435974121
2023-09-25,28.8287353515625
2023-09-26,28.49039649963379
2023-09-27,28.502063751220703
2023-09-28,28.61873435974121
2023-10-02,28.9920711517334
2023-10-03,28.817068099975586
2023-10-04,28.443729400634766
2023-10-05,28.852067947387695
2023-10-06,28.957069396972656
2023-10-11,29.4587459564209
2023-10-12,29.703746795654297
2023-10-13,29.622079849243164
2023-10-16,29.4587459564209
2023-10-17,29.528745651245117
2023-10-18,29.120407104492188
2023-10-19,29.13207244873047
2023-10-20,29.260408401489258
2023-10-23,28.89873695373535
2023-10-24,28.922069549560547
2023-10-25,28.980403900146484
2023-10-26,28.408727645874023
2023-10-27,28.537065505981445
2023-10-30,28.467063903808594
2023-10-31,28.268728256225586
2023-11-01,28.408727645874023
2023-11-02,29.050405502319336
2023-11-03,29.27207374572754
2023-11-06,29.528745651245117
2023-11-07,29.517078399658203
2023-11-08,29.6804141998291
2023-11-09,29.692079544067383
2023-11-10,29.575410842895508
2023-11-13,30.030420303344727
2023-11-14,30.100419998168945
2023-11-15,30.462095260620117
2023-11-16,30.473758697509766
2023-11-17,30.56709098815918
2023-11-20,30.555423736572266
2023-11-21,30.928768157958984
2023-11-22,30.648761749267578
2023-11-23,30.63709831237793
2023-11-24,30.61376190185547
2023-11-27,30.415424346923828
2023-11-28,30.62542724609375
2023-11-29,30.602094650268555
2023-11-30,30.648761749267578
2023-12-01,30.753761291503906
2023-12-04,30.63709831237793
2023-12-05,30.415424346923828
2023-12-06,30.52042579650879
2023-12-07,30.333755493164062
2023-12-08,30.578760147094727
2023-12-11,30.61376190185547
2023-12-12,30.683761596679688
2023-12-13,30.6954288482666
2023-12-14,31.06876564025879
2023-12-15,31.19710350036621
2023-12-18,31.243764877319336
2023-12-19,31.127099990844727
2023-12-20,31.208763122558594
2023-12-21,30.9404354095459
2023-12-22,31.022096633911133
2023-12-25,31.15043830871582
2023-12-26,31.325435638427734
2023-12-27,31.675443649291992
2023-12-28,31.675443649291992
2023-12-29,31.605438232421875
2024-01-02,31.47710609436035
2024-01-03,30.928768157958984
2024-01-04,30.917095184326172
2024-01-05,30.83542823791504
2024-01-08,30.975433349609375
2024-01-09,31.033763885498047
2024-01-10,30.870431900024414
2024-01-11,30.99876594543457
2024-01-12,30.952096939086914
2024-01-15,30.952096939086914
2024-01-16,30.718761444091797
2024-01-17,30.432226181030273
2024-01-18,30.63519287109375
2024-01-19,31.73356819152832
2024-01-22,31.948467254638672
2024-01-23,32.0081672668457
2024-01-24,31.99622344970703
2024-01-25,32.39020538330078
2024-01-26,32.39020538330078
2024-01-29,32.59316635131836
2024-01-30,32.50959777832031
2024-01-31,32.079795837402344
2024-02-01,32.079795837402344
2024-02-02,32.25887680053711
2024-02-05,32.46183776855469
2024-02-15,33.99001693725586
2024-02-16,33.73929977416992
2024-02-19,33.69154739379883
2024-02-20,33.822872161865234
2024-02-21,33.71541976928711
2024-02-22,34.09746551513672
2024-02-23,34.32430648803711
2024-02-26,34.3720588684082
2024-02-27,34.228797912597656
2024-02-29,34.21685791015625
2024-03-01,34.09746551513672
2024-03-04,35.08839416503906
2024-03-05,35.37492370605469
2024-03-06,35.542076110839844
2024-03-07,36.3658561706543
2024-03-08,36.87922668457031
2024-03-11,36.509124755859375
2024-03-12,36.891170501708984
2024-03-13,37.07025146484375
2024-03-14,37.0344352722168
2024-03-15,36.53300094604492
2024-03-18,36.867286682128906
2024-03-19,36.78371810913086
2024-03-20,36.580753326416016
2024-03-21,37.5836181640625
2024-03-22,37.53586959838867
2024-03-25,37.60749816894531
2024-03-26,37.63138198852539
2024-03-27,37.64331817626953
2024-03-28,37.4642333984375
2024-03-29,37.67913818359375
2024-04-01,37.5836181640625
2024-04-02,38.12086868286133
2024-04-03,37.858219146728516
2024-04-08,38.07311248779297
2024-04-09,38.98047637939453
2024-04-10,38.920780181884766
2024-04-11,38.8013916015625
2024-04-12,38.70587921142578
2024-04-15,38.20444869995117
2024-04-16,37.16576385498047
2024-04-17,37.5836181640625
2024-04-18,37.9537239074707
2024-04-19,36.03156661987305
2024-04-22,35.92411804199219
2024-04-23,36.27034378051758
2024-04-24,37.332908630371094
2024-04-25,36.65239334106445
2024-04-26,37.24932861328125
2024-04-29,37.917911529541016
2024-04-30,37.78658676147461
2024-05-02,37.2851448059082
2024-05-03,37.47616958618164
2024-05-06,38.013423919677734
2024-05-07,38.22832489013672
2024-05-08,38.37158966064453
2024-05-09,38.32383728027344
2024-05-10,38.59842300415039
2024-05-13,38.99241638183594
2024-05-14,39.25506591796875
2024-05-15,39.79231262207031
2024-05-16,39.98333740234375
2024-05-17,39.93558120727539
2024-05-20,39.92364501953125
2024-05-21,39.875892639160156
2024-05-22,40.59222412109375
2024-05-23,40.90263366699219
2024-05-24,40.73548889160156
2024-05-27,41.2966194152832
2024-05-28,41.3563117980957
2024-05-29,40.79518508911133
2024-05-30,40.09078598022461
2024-05-31,39.63711166381836
2024-06-03,40.484779357910156
2024-06-04,39.84007263183594
2024-06-05,40.22211456298828
2024-06-06,41.595088958740234
2024-06-07,41.27273941040039
2024-06-11,41.38018798828125
2024-06-12,42.120399475097656
2024-06-13,42.729278564453125
2024-06-14,42.980003356933594
2024-06-17,42.980003356933594
2024-06-18,43.69633483886719
2024-06-19,44.87828063964844
2024-06-20,45.30808639526367
2024-06-21,45.03349304199219
2024-06-24,43.93510818481445
2024-06-25,43.91123580932617
2024-06-26,44.25746154785156
2024-06-27,44.245521545410156
2024-06-28,44.520118713378906
2024-07-01,44.55593490600586
2024-07-02,44.25746154785156
2024-07-03,44.794715881347656
2024-07-04,45.964725494384766
2024-07-05,45.79758071899414
2024-07-08,47.242183685302734
2024-07-09,47.19442367553711
2024-07-10,47.361576080322266
2024-07-11,48.412193298339844
2024-07-12,46.88401794433594
2024-07-15,46.967586517333984
2024-07-16,47.243587493896484
2024-07-17,46.58359146118164
2024-07-18,45.74359893798828
2024-07-19,44.699607849121094
2024-07-22,43.367618560791016
2024-07-23,44.71160888671875
2024-07-26,42.95962142944336
2024-07-29,43.34362030029297
2024-07-30,43.34362030029297
2024-07-31,43.403621673583984
2024-08-01,44.159610748291016
2024-08-02,41.92763137817383
2024-08-05,38.099666595458984
2024-08-06,40.199649810791016
2024-08-07,41.795631408691406
2024-08-08,40.931640625
2024-08-09,42.20363235473633
2024-08-12,42.73162841796875
2024-08-13,42.83962631225586
2024-08-14,43.37961959838867
2024-08-15,43.04362106323242
2024-08-16,44.0156135559082
2024-08-19,44.07561111450195
2024-08-20,44.099613189697266
2024-08-21,43.63161849975586
2024-08-22,43.403621673583984
2024-08-23,43.42761993408203
2024-08-26,43.4996223449707
2024-08-27,43.307621002197266
2024-08-28,43.91961669921875
2024-08-29,43.319618225097656
2024-08-30,43.52362060546875
2024-09-02,43.403621673583984
2024-09-03,43.21162414550781
2024-09-04,41.099639892578125
2024-09-05,41.35163879394531
2024-09-06,41.93962860107422
2024-09-09,41.2916374206543
2024-09-10,41.36363983154297
2024-09-11,41.2436408996582
2024-09-12,42.7916259765625
2024-09-13,42.81562042236328
2024-09-16,42.89962387084961
2024-09-18,42.683631896972656
2024-09-19,43.23562240600586
2024-09-20,43.78761291503906
2024-09-23,43.979610443115234
2024-09-24,44.39961242675781
2024-09-25,45.05960464477539
2024-09-26,45.431602478027344
2024-09-27,45.335601806640625
2024-09-30,44.14760971069336
2024-10-01,44.06361770629883
2024-10-04,44.06361770629883
2024-10-07,45.155601501464844
2024-10-08,44.939605712890625
2024-10-09,45.35960388183594
2024-10-11,46.11559295654297
2024-10-14,46.15159606933594
2024-10-15,47.13558578491211
2024-10-16,46.31959533691406
2024-10-17,46.391597747802734
2024-10-18,47.543582916259766
2024-10-21,47.531585693359375
2024-10-22,47.35158920288086
2024-10-23,47.039588928222656
2024-10-24,46.751590728759766
2024-10-25,47.13558578491211
2024-10-28,47.05158996582031
2024-10-29,45.9595947265625
2024-10-30,46.03159713745117
2024-11-01,45.719600677490234
2024-11-04,46.30759048461914
2024-11-05,46.47559356689453
2024-11-06,46.847591400146484
2024-11-07,47.3875846862793
2024-11-08,47.75958251953125
2024-11-11,47.78358459472656
2024-11-12,46.55958938598633
2024-11-13,46.25959396362305
2024-11-14,45.839599609375
2024-11-15,46.16360092163086
2024-11-18,45.515602111816406
2024-11-19,46.13959503173828
2024-11-20,45.94759750366211
2024-11-21,45.443603515625
2024-11-22,46.33159637451172
2024-11-25,46.16360092163086
2024-11-26,45.56360626220703
2024-11-27,44.90360641479492
2024-11-28,44.831607818603516
2024-11-29,44.939605712890625
2024-12-02,46.00759506225586
2024-12-03,46.631591796875
2024-12-04,46.907588958740234
2024-12-05,47.15958786010742
2024-12-06,46.97958755493164
2024-12-09,47.039588928222656
2024-12-10,46.70359420776367
2024-12-11,46.29559326171875
2024-12-12,46.83558654785156
2024-12-13,46.87158966064453
2024-12-16,47.0635871887207
2024-12-17,47.3035888671875
2024-12-18,47.3035888671875
2024-12-19,46.65559005737305
2024-12-20,46.22359848022461
2024-12-23,47.3395881652832
2024-12-24,47.471580505371094
2024-12-25,47.615577697753906
2024-12-26,47.57958221435547
2024-12-27,47.73558044433594
2024-12-30,47.471580505371094
2024-12-31,46.97958755493164
2025-01-02,46.571590423583984
2025-01-03,47.039588928222656
2025-01-06,48.51557540893555
2025-01-07,49.05556869506836
2025-01-08,48.323577880859375
2025-01-09,47.77157974243164
2025-01-10,47.75958251953125
2025-01-13,46.65559005737305
2025-01-14,46.94358825683594
2025-01-15,46.58359146118164
2025-01-16,47.531585693359375
2025-01-17,47.762733459472656
2025-01-20,48.24936294555664
2025-01-21,48.34668731689453
2025-01-22,48.97930908203125
2025-02-03,46.88679885864258
2025-02-04,47.16661071777344
2025-02-05,47.88439178466797
2025-02-06,48.09120178222656
2025-02-07,48.31018829345703
2025-02-10,47.762733459472656
2025-02-11,48.054710388183594
2025-02-12,47.981712341308594
2025-02-13,47.774898529052734
2025-02-14,47.20310592651367
2025-02-17,47.9208869934082
2025-02-18,48.09120178222656
2025-02-19,48.00605010986328
2025-02-20,47.82356262207031
2025-02-21,48.16419982910156
2025-02-24,47.738399505615234
2025-02-25,47.11794662475586
2025-02-26,47.37342834472656
2025-02-27,46.838134765625
2025-03-03,45.7553825378418
2025-03-04,45.45124053955078
2025-03-05,46.04736328125
2025-03-06,45.767547607421875
2025-03-07,45.34174728393555
2025-03-10,45.074100494384766
2025-03-11,44.283329010009766
2025-03-12,44.47798156738281
2025-03-13,44.06434631347656
2025-03-14,43.91835403442383
2025-03-17,44.29549789428711
2025-03-18,44.47798156738281
2025-03-19,43.93052291870117
2025-03-20,44.87944793701172
2025-03-21,44.51447296142578
2025-03-24,44.46581268310547
2025-03-25,44.92810821533203
2025-03-26,44.8916130065918
2025-03-27,44.04001235961914
2025-03-28,43.602046966552734
2025-03-31,42.03266143798828
2025-04-01,42.89643096923828
2025-04-02,42.82343673706055
2025-04-07,38.54109573364258
2025-04-08,37.288021087646484
2025-04-09,35.57265090942383
2025-04-10,39.12504959106445
2025-04-11,40.03748321533203
2025-04-14,39.83066177368164
2025-04-15,40.23213577270508
2025-04-16,39.50218963623047
2025-04-17,39.0642204284668
2025-04-18,39.14937973022461
2025-04-21,38.589759826660156
2025-04-22,37.944969177246094
2025-04-23,39.62384796142578
2025-04-24,39.392696380615234
2025-04-25,40.32946014404297
2025-04-28,40.67009735107422
2025-04-29,40.82825469970703
2025-04-30,41.02290725708008
2025-05-02,42.21514892578125
2025-05-05,41.838008880615234
2025-05-06,41.60686111450195
2025-05-07,41.44871139526367
2025-05-08,41.99616622924805
2025-05-09,42.519290924072266
2025-05-12,42.99375915527344
2025-05-13,43.516883850097656
2025-05-14,44.5023078918457
2025-05-15,44.40498352050781
2025-05-16,44.526641845703125
2025-05-19,43.90618896484375
2025-05-20,43.99135208129883
2025-05-21,44.67263412475586
2025-05-22,44.186004638671875
2025-05-23,44.003517150878906
2025-05-26,43.95485305786133
2025-05-27,43.565547943115234
2025-05-28,43.63854217529297
2025-05-29,43.73586654663086
2025-06-02,42.799102783203125
2025-06-03,43.103248596191406
2025-06-04,44.11301040649414
2025-06-05,44.19816589355469
2025-06-06,44.27116394042969
2025-06-09,44.69696044921875
2025-06-10,45.901371002197266
2025-06-11,45.901371002197266
2025-06-12,45.901371002197266
2025-06-13,45.901371002197266
2025-06-16,45.901371002197266
2025-06-17,45.901371002197266
2025-06-18,46.2979736328125
2025-06-19,45.84054183959961
2025-06-20,45.77241134643555
2025-06-23,45.392845153808594
2025-06-24,46.22011184692383
2025-06-25,46.891666412353516
2025-06-26,46.9500617980957
2025-06-27,46.99872589111328
2025-06-30,47.06685256958008
2025-07-01,47.33936309814453
2025-07-02,47.349098205566406
2025-07-03,48.001182556152344
2025-07-04,47.55348205566406
2025-07-07,47.27123260498047
2025-07-08,47.0571174621582
2025-07-09,47.54374694824219
2025-07-10,48.08877182006836
2025-07-11,48.29315948486328
2025-07-14,48.01091384887695
2025-07-15,48.66299819946289
2025-07-16,49.052303314208984
2025-07-17,49.34428024291992
2025-07-18,50.074222564697266
2025-07-21,49.888004302978516
2025-07-22,49.54496383666992
2025-07-23,49.69198226928711
2025-07-24,49.98601531982422
2025-07-25,49.888004302978516
2025-07-28,50.03501892089844
2025-07-29,49.44694900512695
2025-07-30,49.98601531982422
2025-07-31,50.52507781982422
2025-08-01,50.08402633666992
2025-08-04,49.78998947143555
2025-08-05,50.42707061767578
2025-08-06,49.98601531982422
2025-08-07,51.40718460083008
2025-08-08,51.40718460083008
2025-08-11,51.799232482910156
2025-08-12,51.848243713378906
2025-08-13,52.28929138183594
2025-08-14,52.09326934814453
2025-08-15,52.09326934814453
2025-08-18,52.24028396606445
2025-08-19,52.142276763916016
2025-08-20,50.672096252441406
2025-08-21,50.96613311767578
2025-08-22,50.72110366821289
2025-08-25,51.652217864990234
2025-08-26,51.70122146606445
2025-08-27,51.946250915527344
2025-08-28,51.45619201660156
2025-08-29,51.45619201660156
2025-09-01,50.96613311767578
2025-09-02,50.96613311767578
2025-09-03,50.91712951660156
2025-09-04,51.26016616821289
2025-09-05,51.799232482910156
2025-09-08,52.28929138183594
2025-09-09,52.8283576965332
2025-09-10,53.857479095458984
2025-09-11,54.347537994384766
2025-09-12,54.88660430908203
2025-09-15,54.88660430908203
2025-09-16,55.6216926574707
2025-09-17,55.22964096069336
2025-09-18,55.817718505859375
2025-09-19,55.866722106933594
2025-09-22,56.25877380371094
2025-09-23,57.28789520263672
2025-09-24,57.238887786865234
2025-09-25,57.04286575317383
2025-09-26,56.111751556396484
2025-09-30,56.650814056396484
2025-10-01,56.94485092163086
2025-10-02,58.02298355102539
2025-10-03,58.856082916259766
2025-10-07,60.4732780456543
2025-10-08,59.9342155456543
2025-10-09,60.37526321411133
2025-10-13,59.78719711303711
2025-10-14,59.49315643310547
2025-10-15,60.571285247802734
2025-10-16,61.747432708740234
2025-10-17,60.81631851196289
2025-10-20,61.84543991088867
2025-10-21,61.943450927734375
2025-10-22,61.45339584350586
2025-10-23,61.1103515625
2025-10-27,62.531524658203125
2025-10-28,62.09046936035156
2025-10-29,63.11959457397461
2025-10-30,63.11959457397461
2025-10-31,63.46263885498047
2025-11-03,62.87456512451172
2025-11-04,62.67854309082031
2025-11-05,61.89445114135742
2025-11-06,62.041465759277344
2025-11-07,61.30637741088867
2025-11-10,62.09046936035156
2025-11-11,61.649417877197266
2025-11-12,61.943450927734375
2025-11-13,61.649417877197266
2025-11-14,60.4732780456543
2025-11-17,60.66930389404297
2025-11-18,59.248130798339844
2025-11-19,58.856082916259766
2025-11-20,60.66930389404297
2025-11-21,58.660057067871094
2025-11-24,58.366024017333984
2025-11-25,59.150115966796875
2025-11-26,60.13023376464844
2025-11-27,60.66930389404297
2025-11-28,61.1103515625
2025-12-01,60.277252197265625
2025-12-02,60.4732780456543
2025-12-03,61.061344146728516
2025-12-04,60.96333694458008
2025-12-05,61.50239944458008
2025-12-08,62.43351364135742
2025-12-09,62.33549880981445
2025-12-10,62.77655792236328
2025-12-11,62.09046936035156
2025-12-12,62.18848419189453
2025-12-15,61.55140686035156
2025-12-16,61.01234436035156
2025-12-17,60.66930389404297
2025-12-18,60.66930389404297
2025-12-19,61.25736999511719
2025-12-22,62.13947677612305
2025-12-23,62.43351364135742
2025-12-24,62.580528259277344
2025-12-26,63.11959457397461
2025-12-29,63.95269775390625
2025-12-30,63.85468673706055
2025-12-31,64.29573822021484
2026-01-02,65.618896484375
2026-01-05,68.11819458007812
2026-01-06,69.00030517578125
2026-01-07,68.46123504638672
2026-01-08,68.70626831054688
2026-01-09,68.46123504638672
2026-01-12,68.9512939453125
2026-01-13,69.2943344116211
2026-01-14,69.34334564208984
2026-01-15,69.2453384399414
2026-01-16,70.56848907470703
2026-01-19,71.15656280517578
2026-01-20,71.15656280517578
2026-01-21,70.42147064208984
2026-01-22,71.36573028564453
2026-01-23,71.81300354003906
2026-01-26,71.81300354003906
2026-01-27,72.60816955566406
2026-01-28,73.75120544433594
2026-01-29,73.3039321899414
2026-01-30,72.160888671875
2026-02-02,71.06754302978516
2026-02-03,72.5087661743164
2026-02-04,72.45907592773438
2026-02-05,71.56451416015625
2026-02-06,71.46512603759766
2026-02-09,73.50271606445312
2026-02-10,75.04335021972656
2026-02-11,76.73306274414062
2026-02-23,76.93185424804688
2026-02-24,78.91976165771484
2026-02-25,80.6094741821289
2026-02-26,80.65917205810547
2026-03-02,79.864013671875
2026-03-03,78.27368927001953
2026-03-04,75.14273834228516
2026-03-05,76.93185424804688
2026-03-06,76.38517761230469
2026-03-09,73.15483856201172
2026-03-10,74.74515533447266
2026-03-11,77.72701263427734
2026-03-12,76.1366958618164
2026-03-13,75.4906234741211
2026-03-16,75.14273834228516
2026-03-17,76.18639373779297
2026-03-18,77.32943725585938
2026-03-19,75.54032135009766
2026-03-20,75.44092559814453
2026-03-23,73.80091094970703
2026-03-24,73.95000457763672
2026-03-25,75.7391128540039
2026-03-26,75.34153747558594
2026-03-27,74.54637145996094
2026-03-30,73.4530258178711
2026-03-31,71.91239929199219
2026-04-01,74.99364471435547
2026-04-02,73.50271606445312
2026-04-07,74.84455871582031
2026-04-08,78.72096252441406
2026-04-09,78.67127227783203
2026-04-10,80.2615966796875
2026-04-13,80.11249542236328
2026-04-14,82.59738159179688
2026-04-15,83.64102935791016
2026-04-16,84.48588562011719
2026-04-17,83.64102935791016
2026-04-20,84.03861236572266
2026-04-21,85.4798355102539
2026-04-22,85.82772064208984
2026-04-23,85.82772064208984
2026-04-24,89.40594482421875
2026-04-27,92.4375
2026-04-28,91.44355010986328
2026-04-29,90.20111083984375
2026-04-30,89.95262145996094
2026-05-04,94.02782440185547
2026-05-05,94.02782440185547
2026-05-06,95.17086791992188
2026-05-07,97.10906982421875
2026-05-08,96.4133071899414
2026-05-11,96.31391143798828
2026-05-12,96.26421356201172
2026-05-13,94.92237854003906
2026-05-14,95.46905517578125
2026-05-15,94.82298278808594
2026-05-18,94.32601165771484
2026-05-19,92.53689575195312
2026-05-20,91.94052124023438
2026-05-21,95.270263671875
2026-05-22,96.71149444580078
2026-05-25,100.19032287597656
2026-05-26,99.49455261230469
2026-05-27,101.92974090576172
2026-05-28,99.89213562011719
2026-05-29,104.76250457763672
2026-06-01,104.86189270019531
2026-06-02,105.06068420410156
2026-06-03,106.9491958618164
2026-06-04,105.45826721191406
2026-06-05,103.52006530761719
2026-06-08,100.33941650390625
2026-06-09,102.87399291992188
2026-06-10,99.64364624023438
2026-06-11,99.2460708618164
2026-06-12,101.33336639404297
2026-06-15,104.61341094970703
2026-06-16,105.25947570800781
2026-06-17,105.35887145996094
2026-06-18,106.65100860595703
2026-06-22,110.47772216796875
2026-06-23,109.43407440185547
2026-06-24,106.50191497802734
2026-06-25,106.5516128540039
2026-06-26,102.47640991210938
2026-06-29,103.81824493408203
2026-06-30,107.14798736572266
2026-07-01,108.68860626220703
2026-07-02,108.14193725585938
2026-07-03,107.69465637207031
2026-07-06,107.59526062011719
2026-07-07,105.55765533447266
2026-07-08,105.4085693359375
2026-07-09,105.16008758544922
2026-07-10,105.16008758544922
2026-07-13,105.35887145996094
2026-07-14,103.76854705810547
2026-07-15,105.65705871582031
2026-07-16,105.75645446777344
2026-07-17,99.54425811767578
2026-07-20,98.5999984741211
2026-07-21,102.5
2026-07-22,103.8499984741211
2026-07-23,103.9000015258789
2026-07-24,101.69999694824219
2026-07-27,101.44999694824219
2026-07-28,97.1500015258789
2026-07-29,93.69999694824219
2026-07-30,93.5
2026-07-31,102.8499984741211
