run,data_seed,final_mean_residual,low_mean_residual,high_mean_residual,final_fitted_residual_slope,final_fitted_residual_corr,low_branch_residual_slope,low_branch_residual_corr,high_branch_residual_slope,high_branch_residual_corr,final_residual_by_low_slope,final_residual_by_low_corr,final_residual_by_high_slope,final_residual_by_high_corr,opposite_branch_slope_signs,opposite_final_component_slope_signs,component_error_corr,low_error_mse,high_error_mse,component_error_cross_term,component_error_cross_term_share,combined_oob_mse,high_abs_error_by_abs_kf_low_corr,high_squared_error_by_abs_kf_low_corr,high_oob_mse_extreme_to_calm_low_state_ratio,true_innovation_squared_by_abs_true_low_corr,true_innovation_mse_extreme_to_calm_low_state_ratio,cov_low_fit_low_error,cov_low_fit_high_error,cov_high_fit_low_error,cov_high_fit_high_error,fitted_residual_cov_total,covariance_cancellation_fraction,residual_identity_max_abs_error
1,479243620,-0.030247706335760054,0.006228248259806297,-0.036475954595566365,0.02565838297309675,0.01504538419413034,0.0980625204508913,0.23452922928785802,-0.3298942293852897,-0.2046003099673638,0.1685489949135646,0.0957032875482531,-0.18163971913662075,-0.09092864686526128,True,True,0.7622241187280595,0.19262690334131963,2.227368747232608,0.997690859190814,0.2919199453607846,3.4176865097647418,-0.0334101982441635,-0.009203310736807194,0.9699101078658051,0.2837880749662899,3.1753874137232136,0.10802403056110299,0.07764672003625853,0.12694151421983715,-0.28246879599354985,0.030143468823648822,0.949345608844313,8.881784197001252e-16
2,454024514,0.04058609220913026,-0.00029953353377469344,0.04088562574290497,0.01250943983414524,0.007667925032657636,0.09555763096767099,0.23973884456842737,-0.3450814512688029,-0.21040280837058936,0.15027784845939524,0.08883750055982344,-0.1969691708918507,-0.0970483356300028,True,True,0.7653749350802558,0.2136523255511229,2.5145451013671667,1.1215890963807564,0.2913379974689139,3.849786523299046,-0.019455821260805514,-0.015430856755420478,0.8791897966393932,0.34348611714624944,3.206082483824831,0.12850466194019794,0.07358703830201825,0.1383634945551989,-0.32236810737241894,0.018087087424996096,0.9727120525699899,8.881784197001252e-16
3,1818751028,0.009912252377414815,-0.002751181779706092,0.012663434157120903,0.05531740540599047,0.03289991292407919,0.1288736295581656,0.2883554486595043,-0.25006602154831087,-0.15925646464116303,0.16655465540212436,0.0886994660643327,-0.10538958688432326,-0.05400136144270815,True,True,0.7728915770543968,0.20273429485407185,2.316701378587583,1.0592427559331175,0.2959871295611707,3.578678429374772,-0.09871386210111664,-0.08973091832170366,0.6529776713052059,0.24234646425815676,2.8157879389331875,0.13079865269044672,0.03824387835805641,0.13593226811091477,-0.23495216456972817,0.07002263458968977,0.8703109137094021,8.881784197001252e-16
4,2288458700,0.010264951548347992,-0.003408252244838932,0.013673203793186898,0.044720699444511035,0.03195001523763672,0.08322704622077848,0.23301941068715676,-0.27514426916533496,-0.18623237464850176,0.1280207609919958,0.08533239995919219,-0.1139769977669206,-0.062299037593017956,True,True,0.7572934313677228,0.23052633115226442,2.6525050530357155,1.184192036777266,0.2911549020575393,4.067223420965246,0.10396733166757256,0.08593992591551679,1.2068854991568465,0.3074497606040821,3.249211746661184,0.1503897964591698,0.08094144815885172,0.19583570717224447,-0.3343301159028862,0.09283683588737979,0.8780864171038558,8.881784197001252e-16
5,2115331525,-0.0274709713830328,0.0003917222878891805,-0.027862693670922017,0.02115140290219418,0.013485496997972168,0.12320211060721618,0.27565072414652264,-0.2633273960697064,-0.18297643828592505,0.15056474139601456,0.08142013061223215,-0.1124545067623637,-0.06312209267789733,True,True,0.7402051976738709,0.22366893147526343,2.4992864756397877,1.1066665951355625,0.2889754117991777,3.829622002250614,0.04324832279820407,0.04442034170200308,1.1914957318125605,0.2777969867044373,2.948017477216494,0.13794485042900223,0.030636926533981975,0.182008040804432,-0.31766942138389487,0.032920396383521344,0.9507370875630089,8.881784197001252e-16
6,2666256175,0.015011996001858095,-0.003170488409236702,0.0181824844110948,-0.0598920018422117,-0.02974620259444758,0.13062904013118054,0.2601701126289914,-0.3737982211358063,-0.22387223724244856,0.2129995123150171,0.09906712196904578,-0.2594505658105515,-0.12564907535692352,True,True,0.7721379617821982,0.2048838123317562,2.456753485512672,1.0954030065021247,0.29156008926357363,3.757040304346553,-0.0028964304378943004,-0.0001686203249640282,1.1104651846771703,0.27356982533858765,2.6196527732712425,0.10616012299172045,0.06694115986109062,0.10075263576878501,-0.32935660917568343,-0.05550269055408735,0.9079878616230981,8.881784197001252e-16
7,975381835,-0.030900638162288763,-0.0014484379967338987,-0.029452200165554873,0.11223727829454504,0.08287987792518534,0.07422909643755363,0.2152572384045078,-0.1832598573488291,-0.12217489140135883,0.11457379171547792,0.081674094628285,0.01050087925905356,0.005593852366461278,True,False,0.7664731552685898,0.24410315216956283,2.5800387173781063,1.2164165686513944,0.3010515965198042,4.040558438199063,-0.02491223831620149,-0.010377044560671206,0.9799410974125103,0.28185214357147004,3.5358181196525926,0.15237404948859432,0.0828177209465611,0.22211362334972795,-0.21007615703215038,0.247229236752733,0.6295533844918764,8.881784197001252e-16
8,2535166222,0.02409854497173678,-0.001931451959876221,0.02602999693161298,-0.07948909229210235,-0.04515663225191475,0.11058747910814844,0.2583372729030542,-0.42341415564331913,-0.24792778814914723,0.15494694879544677,0.08260645314758581,-0.30788011283524513,-0.1464819671650056,True,True,0.7757462584587386,0.21529912142010293,2.7297838594102037,1.1891607232236523,0.2876368226811556,4.134243704053958,-0.04447420994901867,-0.042874647137860926,0.8994886014539075,0.31577496949066197,4.17261356099213,0.12992804855228593,0.05211746734590558,0.10810607197217184,-0.39619180694691436,-0.10604021907655103,0.8454997602114585,1.3322676295501878e-15
9,1079577930,0.014785662909556664,0.0006176247501788948,0.014168038159377753,0.012714873836898462,0.008479581971321818,0.09497329126447054,0.2447813275445792,-0.28960192098843357,-0.18230618919509062,0.10193530744041372,0.062350834781683157,-0.1255502730531974,-0.06386129183804848,True,True,0.7582014977219922,0.23614117640919008,2.7375453202232274,1.2191892200324115,0.2907763793681442,4.192875716664828,-0.004175759001077677,-0.009964531496159517,1.0039422258972441,0.25978413463486866,3.2264089206422204,0.14897935989442587,0.01092093050222288,0.1779549275576304,-0.31414551160371484,0.023709706350564297,0.9636354603979698,8.881784197001252e-16
10,3715024065,-0.00868242497131841,-0.0013732989654839116,-0.007309126005834491,0.08953210695349884,0.057789775330210444,0.0986264072781305,0.249689670601649,-0.22707296272594374,-0.14576576787373632,0.1404433494850155,0.08615027871023187,-0.058712055517704385,-0.03021035679321491,True,True,0.7692091891903475,0.21819538185245682,2.387987935244299,1.110489399164932,0.2987858990936084,3.7166727162616877,0.051364007342929285,0.02465100071008992,1.0588536787107967,0.279521575372124,3.020290747035737,0.13792714298478542,0.05848019334913419,0.16567001295954106,-0.22344368001675555,0.13863366927670515,0.7632302473575969,8.881784197001252e-16
11,2056590929,-0.003492566478408746,-0.006400074484877487,0.0029075080064687297,-0.09963422582156835,-0.05166593214864266,0.11532907717885794,0.24247465786568043,-0.3964393790184632,-0.2273306660030725,0.13608809207504366,0.06610703359047745,-0.2720934599104336,-0.12659962433147237,True,True,0.7687960223833368,0.21946255445155724,2.7061188286564226,1.1847860090447224,0.28824333593796353,4.110367392152702,0.046090565942451554,0.05160967059003979,1.1664016430664736,0.23042369908295446,2.5495768202039617,0.11185959900629387,0.020134515413244954,0.11064696790279564,-0.352764413664039,-0.11012333134170454,0.8150448188939378,8.881784197001252e-16
12,3339987600,-0.040517978387606735,-0.003195661642618509,-0.03732231674498824,0.11532543911305561,0.07683968652983851,0.09777971044879594,0.23953106632237564,-0.19616213143926073,-0.13825393257666843,0.15559635546472625,0.0944258488449686,-0.019180293433540937,-0.010822388177912323,True,True,0.7505225887293506,0.24539776954717868,2.564146610543726,1.1905852137700077,0.29763666047150705,4.000129593860912,0.03452725735798193,0.031758429783466484,1.1499702191601817,0.327374968573523,4.2622176472281454,0.14398839351111942,0.08513960407364846,0.22529948867785687,-0.24971617658189124,0.2047113096807335,0.709276216654759,8.881784197001252e-16
13,1788010607,0.0016405732506956897,0.004170362495767028,-0.0025297892450713323,0.006200860191676753,0.0041280399293788924,0.10375562816416257,0.2474897261568968,-0.26481460221563696,-0.17755619593009206,0.09285371396402071,0.05345090971788021,-0.09528675057073824,-0.051672061269763245,True,True,0.7368461016447335,0.21172551227571434,2.37780807026709,1.0455735629216036,0.28763211676612765,3.635107145464408,0.023015779357960908,0.010711743378508937,0.9820009790851205,0.19937876498516474,2.297320396646561,0.1249799085254237,-0.013132012822764322,0.18121931815121772,-0.2830775072318196,0.009989706622057504,0.9834170624575699,8.881784197001252e-16
14,2859898362,0.007460192996264826,-0.0022196091922214094,0.009679802188486209,0.06484120436133364,0.048884460001299736,0.08070840013952339,0.23570215634517136,-0.23531207360047612,-0.161616277793801,0.11522991648063476,0.08078947972578389,-0.06467125190416492,-0.035773328344115715,True,True,0.7595123138807803,0.21929633148552022,2.4681013302830053,1.1174604703163853,0.2936930712063268,3.8048581320849104,0.014504923412774533,-0.0014973204813192808,1.0462458669462504,0.3174956507406827,2.9234879988230076,0.15094891047406991,0.0645655876042043,0.1986603566045612,-0.27395074631101524,0.1402241083718202,0.7962230904223061,8.881784197001252e-16
15,1908601667,-0.010767590942764655,-0.0019788784097017962,-0.008788712533062862,0.022398786811942198,0.015559233764252558,0.0778817181260071,0.22260589976235637,-0.2947918888074171,-0.17648504772102752,0.090818956065125,0.060764767879799425,-0.12791354292606533,-0.06178974688409777,True,True,0.7786848055617268,0.21971061272253947,2.6104943938751597,1.1794542745385375,0.2941532414206301,4.009659281136236,0.030484359644417217,0.016309157178397916,0.943582899576876,0.3184181242889718,3.730958352147592,0.13979161152633277,0.023221333372266482,0.15613298928015937,-0.2758101332558192,0.04333580092293937,0.9271613430050368,8.881784197001252e-16
16,726301638,0.0017294098715556457,0.0024119845046324693,-0.0006825746330768431,0.05398217303806982,0.03359602994378377,0.12260533578512803,0.283304892514932,-0.2669275829386561,-0.18544035693909794,0.20499384804574705,0.11303576180011025,-0.13220022469839066,-0.07399862480049564,True,True,0.7642388608767268,0.2269180997414572,2.5867754055745364,1.1710251329385573,0.2938790010658088,3.9847186382545505,0.023488381137021033,0.039949228836316665,1.1418260885626108,0.29018329302359874,2.945599434803432,0.1485445702553524,0.09981919685110478,0.16820389194033844,-0.33325271795532674,0.08331494109146886,0.8888868005633928,8.881784197001252e-16
17,2584016318,-0.04426778260208958,0.0036889162731431097,-0.04795669887523268,0.060220083574513895,0.04253607960211857,0.08146441925749058,0.23034933599222343,-0.28018991816273875,-0.18102776008414725,0.1330107594257234,0.08988605653005667,-0.1135075217148136,-0.059029393958092626,True,True,0.7667274719161288,0.23268813548139347,2.6415329380440027,1.2013136801404467,0.29476222207647584,4.075534753665844,-0.005141600936200255,0.03085892837604466,0.770307489889982,0.32262630525072616,3.48831984757265,0.15154960331616482,0.09589250713497849,0.18363388856262386,-0.3086850519595318,0.12239094705423537,0.8345534049228378,8.881784197001252e-16
18,4074852312,0.02771556484436181,-0.0023233684991184342,0.030038933343480196,-0.026927278014326764,-0.015095836974141099,0.09577299753206388,0.23315072641966067,-0.39544084514275235,-0.22010640901268266,0.14478680988993556,0.0810679917729187,-0.2660347633618619,-0.11969555508881377,True,True,0.7898853023764006,0.20988012400947215,2.593192644483249,1.165101847067912,0.29361153677540563,3.968174615560633,0.012400166268120683,0.027827839772544025,1.1256558200433082,0.3317401953249746,2.894446848977314,0.1191216245546522,0.06096295515582932,0.10392993344732254,-0.3175904884256236,-0.033575975267819524,0.944189334896739,8.881784197001252e-16
19,3205241267,-0.028111592495789466,-0.0013916019824268965,-0.026719990513362605,0.031235048738176004,0.018508707651415282,0.12149800508461432,0.267704229560699,-0.28789207092244523,-0.19200419335669552,0.18804621561113033,0.09984529236601528,-0.14565529043727857,-0.07825782226161253,True,True,0.7544740801346949,0.24439641734558484,2.7320714376735435,1.232921668941408,0.29289797532953776,4.209389523960537,0.05288668447463082,0.05605904283481509,1.5362534746769534,0.26296066962261166,2.634827571060871,0.14415599644089194,0.07895869231043878,0.17280347742268562,-0.34976010289409665,0.04615806327991967,0.9380992242973579,8.881784197001252e-16
20,1304481603,0.007981660629054798,-0.00021057681467194473,0.008192237443726767,0.030638568512215466,0.018193735513317412,0.08726892431919173,0.22334715055461862,-0.36556572525001546,-0.22724641411763777,0.19435260866314102,0.11625118603518031,-0.23319060143042958,-0.11702823011738252,True,True,0.7780347502087727,0.21191272169372508,2.528669482130902,1.1390595104685912,0.2935991502184634,3.879641714293218,-0.016425477302257532,-0.017855752791797155,1.1754855119719805,0.23422654101345675,2.407924401427909,0.12113179361325865,0.14863525421552612,0.12934512266466194,-0.3571981064879155,0.041914064005531215,0.9445808614781469,8.881784197001252e-16
