run,data_seed,mse,rmse,coverage,coverage_percent,mean_width,median_width,low_kf_mse,low_kf_rmse,low_enbpi_coverage,low_enbpi_mean_width,low_mean_beta,high_kf_mse,high_kf_rmse,high_enbpi_coverage,high_enbpi_mean_width,high_mean_beta,mean_beta,mean_bias_correction,low_mean_bias_correction,high_mean_bias_correction,mean_oob_models_per_train_point,min_oob_models_per_train_point,ann_selected_max_iter_mean,ann_rolling_validation_mse,ann_nonconverged_models,elapsed_seconds,low_true_mse,low_true_rmse,low_true_coverage,high_true_mse,high_true_rmse,high_true_coverage
1,479243620,3.622470907668994,1.9032789883958143,0.93,93.0,7.0447220588292545,7.059261064523343,0.2393315614304118,0.4892152506110289,0.91,1.6898491620568514,0.027622500000000008,2.2539073491498853,1.501301884748662,0.94,5.74016410595446,0.030390000000000007,0.02832750000000001,0.03924133676540888,0.0,0.0,10.49763779527559,4.0,125.0,3.2325781427996523,30.0,90.9284939999925,3.1393738956608344,1.7718278402996253,0.41,4.960756713029507,2.2272756257431428,0.825
2,454024514,3.64647270552575,1.9095739591662193,0.95,95.0,7.461887937334823,7.456721634843649,0.22468256538892725,0.47400692546515316,0.935,1.7762819508881194,0.016917500000000002,2.3043096058476635,1.5179952588357,0.96,5.877559180766363,0.018647499999999997,0.022014999999999996,0.05697746447357945,0.0,0.0,10.49763779527559,4.0,125.0,2.88123819994271,30.0,92.7623115000315,3.414399649505857,1.847809419151731,0.365,3.843191539923282,1.9604059630401256,0.875
3,1818751028,2.6223884714406918,1.6193790388419542,0.97,97.0,7.289171391455518,7.279889197516333,0.13486583895947687,0.36724084598458934,0.97,1.6682979358342345,0.011727499999999997,1.7611875080367674,1.3270973996044026,0.965,5.843123339677395,0.03188500000000001,0.031862499999999995,0.011891765161806192,0.0,0.0,10.49763779527559,4.0,125.0,3.195864993980562,30.0,90.8226597000612,2.295662058836835,1.5151442369744323,0.475,3.0337606023471766,1.7417693883942205,0.87
4,2288458700,4.148170498933006,2.0367057958706276,0.93,93.0,7.876727410424022,7.813762739908543,0.2652761321257293,0.5150496404481119,0.915,1.9064068782914705,0.0212275,2.5884955136702334,1.608880204884824,0.93,6.306131311792581,0.025375000000000005,0.0176325,-0.0004547389283282785,0.0,0.0,10.49763779527559,4.0,125.0,2.6805280419835587,30.0,91.0179336000001,5.239966680186761,2.2890973505263514,0.365,7.663921559910669,2.7683788685638153,0.77
5,2115331525,3.6965754452139112,1.922648029467149,0.965,96.5,7.735265341581285,7.725104397550016,0.2305195525229319,0.480124517727362,0.945,1.834078668019377,0.03130249999999999,2.3437767606413917,1.5309398292034184,0.955,6.313745954857028,0.031332500000000006,0.02903000000000001,-0.038970884369669084,0.0,0.0,10.49763779527559,4.0,125.0,3.06922245111616,30.0,90.11853109998628,3.6042908692748004,1.8984970027036652,0.4,4.055139776321703,2.013737762550453,0.885
6,2666256175,4.146724637424763,2.036350813937707,0.9,90.0,7.296539096293696,7.296610777067714,0.2869567731882017,0.535683463612796,0.89,1.8430809383410283,0.02459,2.505634682361133,1.5829196702173907,0.93,5.818914416829382,0.0209825,0.01768,0.004361502907968377,0.0,0.0,10.49763779527559,4.0,125.0,2.786512629249266,30.0,91.76274169993121,3.6297673921478006,1.9051948436177861,0.36,5.858613149822092,2.4204572191679183,0.79
7,975381835,3.7432325725182793,1.9347435417952115,0.915,91.5,7.381921961259003,7.391429423791756,0.19892379647851346,0.4460087403611206,0.955,1.8546865030925084,0.028652500000000004,2.4584227878668785,1.5679358366549565,0.925,5.9053134120633395,0.020147500000000002,0.01875,0.024756551617999053,0.0,0.0,10.49763779527559,4.0,125.0,3.302390208123355,30.0,92.21901370002888,4.01809975740127,2.0045198321296973,0.355,5.157717966820842,2.2710609782260014,0.805
8,2535166222,3.9407880934351542,1.9851418320702312,0.945,94.5,7.714521940815477,7.705674188927974,0.22735573012957644,0.47681834080661833,0.93,1.8359918406139306,0.029022500000000003,2.5221768523403623,1.5881362826723537,0.955,6.249330311828303,0.026115000000000003,0.02514,0.0844045950656633,0.0,0.0,10.49763779527559,4.0,125.0,3.867031608880731,30.0,93.35334420006257,4.355859793891113,2.0870696667555477,0.34,5.726968085464605,2.393108456686534,0.83
9,1079577930,4.499179606663405,2.1211269661817522,0.93,93.0,7.97957580690369,7.8798748367377955,0.2832969582175927,0.5322564778540443,0.905,1.8216313614694852,0.018197500000000002,2.873130920841222,1.6950312447979305,0.93,6.556648982735733,0.0367775,0.030462500000000007,-0.050079004278441246,0.0,0.0,10.49763779527559,4.0,125.0,4.161780484439172,30.0,93.67048239998985,6.301073167362851,2.5101938505547436,0.285,9.283988630087693,3.046963838001313,0.71
10,3715024065,3.6913415623442405,1.9212864342268803,0.95,95.0,7.535526865969129,7.515290669819211,0.22951074740724084,0.4790727996946193,0.955,1.8107067901860279,0.030752500000000006,2.279421734547486,1.5097753920856858,0.955,5.870430993787497,0.032587500000000005,0.028287500000000004,-0.011814196035522206,0.0,0.0,10.49763779527559,4.0,125.0,2.9641153877391915,30.0,93.03070030000526,4.093398416057981,2.0232148714503806,0.365,6.306164203982705,2.5112077182070593,0.76
11,2056590929,5.13076263543937,2.2651186802106795,0.945,94.5,7.949251630438934,7.945878243164042,0.34464581803179295,0.5870654290892906,0.905,1.9115013533167167,0.029867499999999998,3.121989159599153,1.766915153480538,0.945,6.543685604130876,0.0254725,0.030587500000000007,-0.05977148469331908,0.0,0.0,10.49763779527559,4.0,125.0,3.7213881729108667,30.0,91.7685591999907,4.423634540717028,2.1032438139019995,0.32,9.466034365335684,3.07669211416022,0.765
12,3339987600,3.9908859412826403,1.9977201859326146,0.95,95.0,7.824657933612247,7.830101972071306,0.23065942788332627,0.48027016135017825,0.96,1.905706309327625,0.021505000000000007,2.6072897743607175,1.6147104304985205,0.955,6.255308149480079,0.021295,0.025315000000000004,-0.037215105724046335,0.0,0.0,10.49763779527559,4.0,125.0,3.319883767956399,30.0,91.99117959989235,3.0428941942339325,1.7443893470879523,0.41,5.100455049289268,2.258418705486046,0.83
13,1788010607,3.569309474860771,1.8892616216026756,0.935,93.5,7.29573515205739,7.258211613626671,0.2353400997894746,0.4851186450647662,0.93,1.784098152792747,0.03185,2.256379100823167,1.5021248619283176,0.935,5.748509146428257,0.027635000000000007,0.0312925,0.023548405743328563,0.0,0.0,10.49763779527559,4.0,125.0,3.144780878684089,30.0,87.53102090000175,3.6480407437526,1.9099844878303593,0.375,5.93281830198667,2.4357377325949257,0.75
14,2859898362,2.931319592505886,1.7121096905589566,0.97,97.0,7.308211242018257,7.31404242008011,0.16170464130224488,0.40212515626636053,0.975,1.7509970954653082,0.028764999999999995,1.9683784767222618,1.4029891220969113,0.965,5.984648961603393,0.022704999999999996,0.0346775,0.10248437758687508,0.0,0.0,10.49763779527559,4.0,125.0,3.0654287421478483,30.0,87.12731909996364,2.318460446443392,1.5226491540875042,0.455,2.937055002272609,1.7137838260039127,0.91
15,1908601667,3.441957423566628,1.8552513100835228,0.97,97.0,7.603780662592109,7.6125533842297095,0.19083483948383417,0.43684647129607695,0.95,1.7917032461003857,0.021295,2.2362116822972338,1.4953968310442662,0.96,6.266332354223909,0.0218525,0.0231375,0.018096242196349265,0.0,0.0,10.49763779527559,4.0,125.0,3.6031750103030165,30.0,87.84605509997346,3.3152746087907348,1.8207895564262047,0.31,4.096773900118321,2.024048887778732,0.88
16,726301638,3.994628252659289,1.9986566119919873,0.945,94.5,7.362525529651422,7.332267342232598,0.23942247434159292,0.4893081588749496,0.915,1.774707848759694,0.0336875,2.5218329382100277,1.5880280029678406,0.945,5.933583590393189,0.022507499999999996,0.023635000000000003,0.04425133825015273,0.0,0.0,10.49763779527559,4.0,125.0,2.923522611095271,30.0,85.2224463999737,5.993698234734193,2.4482030623978464,0.265,8.522281144047803,2.9192946312504673,0.735
17,2584016318,4.391073996073316,2.09548896348163,0.95,95.0,8.108424943935162,8.092599628811364,0.27765202241372117,0.5269269611755705,0.94,1.8662263406322375,0.03270750000000001,2.809127831830431,1.6760452952800622,0.955,6.557017061331411,0.01795,0.0266375,-0.06007360953546532,0.0,0.0,10.49763779527559,4.0,125.0,4.679486647997668,30.0,78.58472420007456,6.078837001142374,2.4655297607496798,0.215,8.762150068352218,2.960092915493062,0.725
18,4074852312,3.3372931832131907,1.8268259860241727,0.96,96.0,7.428983282437005,7.4089751635859,0.17167111353232745,0.41433212949556236,0.985,1.7576172554825313,0.0277175,2.216885111113915,1.4889207873872656,0.95,6.050651376284884,0.025745000000000004,0.025072500000000005,-0.021880019405379526,0.0,0.0,10.49763779527559,4.0,125.0,3.3290449772164994,30.0,79.03540789999533,3.2289510341935217,1.7969282217700075,0.325,4.595559417519849,2.1437255928686043,0.84
19,3205241267,3.7181654591260314,1.9282545109829334,0.945,94.5,7.592771385840264,7.546517943767045,0.22051051121541562,0.4695854674235731,0.95,1.8367466860471218,0.029762500000000004,2.389206494120651,1.5457058239266135,0.96,6.259159607732559,0.0240375,0.025127500000000004,0.04441335948709843,0.0,0.0,10.49763779527559,4.0,125.0,3.3182718715188892,30.0,77.61865459999535,3.261084853262605,1.8058474058631324,0.395,4.957534888026189,2.2265522423752353,0.86
20,1304481603,3.603578002093874,1.89830924827697,0.95,95.0,7.286291572434559,7.304257574009803,0.17630403448548612,0.4198857397977289,0.94,1.6531036071458687,0.027065000000000006,2.4040899053429925,1.5505127878682563,0.945,6.078588013832971,0.029777500000000002,0.029865000000000003,-0.06247463081373516,0.0,0.0,10.49763779527559,4.0,125.0,2.928637988449503,30.0,79.01979900000151,4.231430834681629,2.057044198524093,0.245,5.966054348803688,2.442550787354009,0.735
