seed,method,mse,rmse,mae,coverage,coverage_percent,mean_width,median_width,mean_interval_score,lower_miss_rate,upper_miss_rate,elapsed_seconds,selected_residual_window
2020,M1_DistPred_ANN,8.80318533983006,2.9670162351814087,2.2849648832462353,0.895,89.5,9.512778276628255,8.788673908529795,16.783339574643637,0.075,0.03,23.943585800006986,
2020,M2_DistPred_Minusformer,9.706114216683705,3.1154637241803513,2.3428043666124454,0.94,94.0,11.4271585373342,10.788594766184195,15.940349044192095,0.04,0.02,23.504473499953747,
2020,M3_Quantile_ANN,8.933640629463486,2.9889196425236135,2.322332424940691,0.935,93.5,11.234607447808978,10.136913247209158,14.801778122149017,0.04,0.025,23.12729820003733,
2020,M4_Quantile_Minusformer,13.408046416642817,3.66169993536374,2.874544402894911,0.86,86.0,10.959826798266171,9.13355380429659,21.589811573322457,0.09,0.05,25.22534269996686,
2020,M5_SortBootstrap_ANN,8.394978214491744,2.8974088794113513,2.2327877404128342,0.675,67.5,5.711380285708605,5.37234826062892,24.006891849069415,0.165,0.16,25.831360000011045,
2020,M6_OOT_Adaptive_EnbPI,10.056888086329122,3.171259700234139,2.5215406477299775,0.975,97.5,14.312756360469752,14.452367977751386,16.678478751730253,0.01,0.015,350.29167480004253,300.0
2021,M1_DistPred_ANN,7.7887954957063155,2.7908413598243658,2.14720695639746,0.945,94.5,12.148361811684413,11.409172841202698,15.222874704171637,0.04,0.015,14.900145999970846,
2021,M2_DistPred_Minusformer,8.922179135100228,2.9870016965345414,2.252553531161155,0.905,90.5,9.582229613112252,9.154327955085641,17.59859588798284,0.055,0.04,15.451081399980467,
2021,M3_Quantile_ANN,8.184335539509357,2.8608277717313495,2.1750424891603855,0.95,95.0,11.534600063608927,10.941267704857752,14.701426416308596,0.025,0.025,14.791798999998719,
2021,M4_Quantile_Minusformer,9.326853420906529,3.0539897545516634,2.3262773142267834,0.9,90.0,9.175890352772516,8.987538104497876,17.250612697044705,0.065,0.035,19.489147000014782,
2021,M5_SortBootstrap_ANN,6.959455141693814,2.638077925629532,2.0258673368981284,0.71,71.0,5.44954302512106,5.24034737959494,21.834854114800628,0.15,0.14,17.4474699999555,
2021,M6_OOT_Adaptive_EnbPI,8.321512940445707,2.8847032673128976,2.2852610549685854,0.92,92.0,10.051981153463956,9.480930135194344,15.723300540131586,0.05,0.03,380.0644893000135,100.0
2022,M1_DistPred_ANN,22.91257050482077,4.78670768951069,3.7759612714638853,0.89,89.0,16.40383322531223,14.699416571086765,25.81354781900284,0.055,0.055,49.94241229997715,
2022,M2_DistPred_Minusformer,22.92253119273405,4.787748029369763,3.7438064710350636,0.83,83.0,14.748130907955167,12.807870729823897,31.08972753870146,0.08,0.09,51.91854929999681,
2022,M3_Quantile_ANN,24.65064832656827,4.964941925800167,3.880412789032739,0.85,85.0,15.321130280437467,13.506595254550767,30.114833935823142,0.05,0.1,49.80911339999875,
2022,M4_Quantile_Minusformer,22.92397265627239,4.787898563699151,3.7653536338256357,0.495,49.5,6.136061926762161,5.636087106590967,62.38631426857926,0.22,0.285,50.71344630001113,
2022,M5_SortBootstrap_ANN,20.33172415903888,4.5090713189124525,3.488400675438852,0.61,61.0,7.318664978890268,6.679364547555029,48.303565777788464,0.18,0.21,54.057356699951924,
2022,M6_OOT_Adaptive_EnbPI,23.469688925283744,4.8445525000028375,3.6820560530687625,0.885,88.5,15.489673360015667,13.78996432079777,27.31642345846879,0.045,0.07,662.7637930999626,100.0
2023,M1_DistPred_ANN,16.525382020427674,4.06514231244463,3.0257619140005856,0.88,88.0,13.626671823897322,13.130289702514766,22.628597241948444,0.07,0.05,14.890446299978066,
2023,M2_DistPred_Minusformer,18.080077097461608,4.252067390983075,3.128286133492027,0.91,91.0,15.388482266106566,13.98028440355602,23.59523585925912,0.05,0.04,15.601273099950049,
2023,M3_Quantile_ANN,16.36350284375711,4.045182671247012,3.011492509907996,0.885,88.5,13.499932982363662,12.984952965629887,23.17473656334545,0.065,0.05,14.81817719998071,
2023,M4_Quantile_Minusformer,21.72872604653277,4.66140816133202,3.5041106861930142,0.66,66.0,7.398788125199189,7.192157198745378,41.37258685398028,0.22,0.12,15.384887999971397,
2023,M5_SortBootstrap_ANN,15.136039884113398,3.8905063788809544,3.003008311483414,0.67,67.0,7.306881524856126,7.14879954464662,34.44704233987399,0.165,0.165,18.169824299926404,
2023,M6_OOT_Adaptive_EnbPI,18.30384203223965,4.278298964803611,3.289212547051375,0.915,91.5,15.668338771903489,16.05167567889942,22.775353829265345,0.05,0.035,415.39957730000606,200.0
2024,M1_DistPred_ANN,9.655897938517738,3.1073940751886844,2.45888346933305,0.935,93.5,11.883399181272047,11.656636328903598,15.900206554506154,0.035,0.03,36.08783079998102,
2024,M2_DistPred_Minusformer,9.639747136220128,3.104794218015121,2.476361560190523,0.91,91.0,12.441174520160216,11.960995380778984,15.94155637447508,0.045,0.045,36.77617679996183,
2024,M3_Quantile_ANN,9.774928587555152,3.126488219641192,2.471982343215628,0.95,95.0,12.396179656888505,11.959176654507697,14.907389111497862,0.02,0.03,36.01492779998807,
2024,M4_Quantile_Minusformer,10.499866613368262,3.2403497671344463,2.5940679841183383,0.95,95.0,13.998971390034217,13.544347135996878,17.128597135374633,0.025,0.025,36.96525379997911,
2024,M5_SortBootstrap_ANN,8.963040575442456,2.9938337588186914,2.3378644935753186,0.69,69.0,6.0212893389809485,6.030539008309911,25.423629488952557,0.16,0.15,39.66247350000776,
2024,M6_OOT_Adaptive_EnbPI,9.912503554555094,3.148412862785803,2.489917142103282,0.945,94.5,12.17685432459576,12.335056180119151,15.226035084448945,0.035,0.02,429.5887213999522,200.0
2025,M1_DistPred_ANN,12.763971155369179,3.572670031694668,2.7758601391840845,0.885,88.5,11.37999197177703,10.67787582623463,20.80082558262893,0.03,0.085,15.924753800034523,
2025,M2_DistPred_Minusformer,13.808280804142946,3.7159495158226985,2.8840119965872772,0.885,88.5,12.81997525148208,11.557123640539846,19.952553592911755,0.06,0.055,17.71587180008646,
2025,M3_Quantile_ANN,12.812310369548708,3.57942877699064,2.8153200573159967,0.865,86.5,10.93094211690242,9.979174575514191,21.077640344173346,0.05,0.085,15.891107200004626,
2025,M4_Quantile_Minusformer,12.628965043084278,3.553725516002084,2.7579236550743724,0.545,54.50000000000001,4.784992454500148,4.51133599318119,42.38959465109621,0.205,0.25,16.650798900052905,
2025,M5_SortBootstrap_ANN,11.68097539923537,3.4177441974547143,2.6297844354395385,0.695,69.5,6.461982304753015,5.963660279607456,29.980240071306806,0.155,0.15,18.897270100016613,
2025,M6_OOT_Adaptive_EnbPI,13.28536817541024,3.644909899491377,2.7902333454938444,0.895,89.5,11.951594029323564,11.627216296054591,20.661074162199935,0.05,0.055,443.0213594000088,300.0
2026,M1_DistPred_ANN,8.42597085098362,2.90275228894641,2.3555569282021938,0.92,92.0,11.120228396339176,10.546147479239142,14.398343104762066,0.04,0.04,26.067482299986295,
2026,M2_DistPred_Minusformer,9.717403011950813,3.1172749336481074,2.461487151510919,0.905,90.5,11.20303645281291,10.920783486328457,15.884684202198686,0.055,0.04,26.544585199968424,
2026,M3_Quantile_ANN,8.1737512244486,2.858977303940799,2.3110947952307597,0.955,95.5,11.434270639700651,10.802794799319681,13.55406758124245,0.035,0.01,26.001672399987,
2026,M4_Quantile_Minusformer,8.214561175192163,2.8661055764211065,2.2972005488788376,0.405,40.5,3.01106832867658,2.9826144769250256,46.35389869005683,0.28,0.315,26.572682999947574,
2026,M5_SortBootstrap_ANN,7.897575513622636,2.8102625346438073,2.274270400090856,0.67,67.0,5.739366812074391,5.557602384460454,23.417446053206927,0.16,0.17,29.809364199987613,
2026,M6_OOT_Adaptive_EnbPI,9.669292361401533,3.1095485783955095,2.403816130693252,0.915,91.5,11.557203927706926,11.45104699545099,16.182948446265417,0.04,0.045,424.37686580000445,200.0
2027,M1_DistPred_ANN,14.24249875257275,3.7739235223534604,2.9105654995332304,0.915,91.5,14.215242407587857,13.736448256566302,19.83200115426671,0.065,0.02,21.81317479995778,
2027,M2_DistPred_Minusformer,16.637788505722618,4.07894453329812,3.1893093498269733,0.865,86.5,12.52655796077618,12.011623717819823,23.17549337031781,0.1,0.035,22.371128000027966,
2027,M3_Quantile_ANN,15.590037341547736,3.9484221331498657,3.1126454866422586,0.93,93.0,14.877484627631993,15.421718547835853,19.71446375957224,0.03,0.04,21.667302599933464,
2027,M4_Quantile_Minusformer,15.526336223213729,3.9403472211486297,3.1414317373240617,0.74,74.0,8.554105091388838,8.207253960542017,31.42226671945983,0.175,0.085,22.224551099992823,
2027,M5_SortBootstrap_ANN,13.205697389420063,3.6339644177427033,2.8456235366828126,0.685,68.5,7.033834111472161,6.965868293302972,30.8688476671633,0.17,0.145,24.831336900009774,
2027,M6_OOT_Adaptive_EnbPI,15.003282402559577,3.8734070793759305,3.057431255304506,0.87,87.0,12.745960355902321,13.303133900964157,20.751211248367973,0.08,0.05,433.8421588999918,100.0
2028,M1_DistPred_ANN,9.432666953609814,3.071264715652139,2.479353740168146,0.895,89.5,11.56984784760627,11.230003024053975,15.780626162509975,0.035,0.07,15.432042900007218,
2028,M2_DistPred_Minusformer,10.169252859581631,3.188926599904995,2.5227388261107326,0.84,84.0,9.74833527245673,9.178967127542357,19.949314141660793,0.07,0.09,16.02759450004669,
2028,M3_Quantile_ANN,9.483828526052076,3.0795825246374022,2.4571258102238374,0.905,90.5,11.566037844206416,10.857029231962485,14.778619729011858,0.04,0.055,15.38364749995526,
2028,M4_Quantile_Minusformer,11.058042518448278,3.3253635167374225,2.7017530925748474,0.52,52.0,4.615489197355908,4.235003665807431,41.23902257415602,0.285,0.195,16.158113300043624,
2028,M5_SortBootstrap_ANN,8.381455800485494,2.8950744032728233,2.3212049821441245,0.685,68.5,5.806382094706621,5.665942712582341,26.009915933277952,0.16,0.155,18.923832400003448,
2028,M6_OOT_Adaptive_EnbPI,9.933028918527352,3.1516708137950182,2.577066942588548,0.945,94.5,11.211229138518988,11.183353951685643,14.71871189838493,0.01,0.045,411.9531471999944,300.0
2029,M1_DistPred_ANN,8.942324445145003,2.9903719576576093,2.405848327666223,0.92,92.0,11.535598535970793,11.423945542236284,14.013887102691307,0.04,0.04,13.035733099968638,
2029,M2_DistPred_Minusformer,10.183737697723915,3.1911969067614607,2.5293742302264395,0.88,88.0,11.281232168511497,10.185003692868325,17.282059275046826,0.06,0.06,15.027917800005525,
2029,M3_Quantile_ANN,9.077587577252483,3.012903512768453,2.458069170445279,0.935,93.5,11.642981668547737,11.620888377428042,14.480127566148072,0.035,0.03,12.958562399959192,
2029,M4_Quantile_Minusformer,9.571051376846809,3.0937115859185726,2.4389083789173385,0.63,63.0,5.679583626822578,5.593974117803169,31.179726170440144,0.11,0.26,13.72767669998575,
2029,M5_SortBootstrap_ANN,7.830450077604134,2.798294137077826,2.2390032151938244,0.73,73.0,6.067506408789204,6.019177528742276,21.48213928600816,0.145,0.125,16.486191499978304,
2029,M6_OOT_Adaptive_EnbPI,9.35367321474743,3.0583775461423053,2.4660075740912935,0.965,96.5,12.310935338790745,12.578096825730128,13.715007165773862,0.02,0.015,389.3826732999878,200.0
2030,M1_DistPred_ANN,18.429708254527775,4.292983607530755,3.3506815008940354,0.915,91.5,14.338829188540897,14.169881048169666,23.209135046231772,0.045,0.04,13.184230500017293,
2030,M2_DistPred_Minusformer,17.732369845992295,4.210982052442434,3.159058322437981,0.915,91.5,16.45505455751749,14.753666590308173,25.699223795824942,0.04,0.045,13.769914100063033,
2030,M3_Quantile_ANN,18.592443602782865,4.311895592750695,3.3308985125952653,0.9,90.0,13.82855412979456,14.146366274769868,23.83565784875408,0.05,0.05,13.095754700014368,
2030,M4_Quantile_Minusformer,19.874558385475385,4.458089095730971,3.4063356495120587,0.54,54.0,6.74279380144397,6.008635577627304,70.23479557940007,0.275,0.185,13.868760400044266,
2030,M5_SortBootstrap_ANN,16.78237333269622,4.096629508839702,3.168042063186787,0.665,66.5,7.205860177789203,7.06943220194186,39.55458372740085,0.18,0.155,16.46746150002582,
2030,M6_OOT_Adaptive_EnbPI,20.653806779963276,4.544645946601702,3.3864590832630257,0.865,86.5,13.947702280732756,13.388820448320256,26.35459386285918,0.065,0.07,393.3193481999915,100.0
2031,M1_DistPred_ANN,13.414797186384686,3.6626216275210144,2.709160398796533,0.885,88.5,11.80450300770377,10.641106561794322,20.98133224799884,0.06,0.055,14.6195537999738,
2031,M2_DistPred_Minusformer,14.627261495136304,3.824560300889019,2.8712749007007643,0.85,85.0,11.119859101944913,10.150782338562324,24.21750286269759,0.065,0.085,15.885551400016993,
2031,M3_Quantile_ANN,13.144081486217909,3.6254767253725277,2.6877104266115124,0.9,90.0,11.687758279019345,10.894092824327668,20.483304876608763,0.045,0.055,14.595590999990236,
2031,M4_Quantile_Minusformer,13.027700507445951,3.6093906005648586,2.7292653101231084,0.405,40.5,3.2834454181420916,3.1802669792635925,58.08454315078486,0.285,0.31,15.043287700042129,
2031,M5_SortBootstrap_ANN,11.72422818657793,3.424066031281805,2.559404983258476,0.7,70.0,6.102232758780319,5.704623989644787,31.520823605399364,0.125,0.175,17.143536099989433,
2031,M6_OOT_Adaptive_EnbPI,13.150883528971935,3.6264146934640467,2.6670255709169766,0.865,86.5,11.014445165837317,10.225569372993492,20.39755181827751,0.045,0.09,377.5845799999661,100.0
2032,M1_DistPred_ANN,12.4784312882942,3.5324823125239,2.7804311062880824,0.88,88.0,10.361603154722857,10.097912063423117,17.909654518324594,0.07,0.05,94.97061370004667,
2032,M2_DistPred_Minusformer,11.295907402118537,3.3609384704452023,2.5745694812178432,0.905,90.5,11.25017242986362,10.643238217821256,18.405257834193446,0.055,0.04,95.30655270005809,
2032,M3_Quantile_ANN,12.091034853164082,3.4772165381471547,2.7174728136371264,0.875,87.5,10.499219705347228,9.791005236850092,18.345787037678466,0.055,0.07,94.89482500002487,
2032,M4_Quantile_Minusformer,12.052832188005787,3.471718909705362,2.697049412759948,0.4,40.0,4.0753890671546324,3.7613930680872607,54.99730777536567,0.305,0.295,95.24806470004842,
2032,M5_SortBootstrap_ANN,11.38517538003446,3.374192552305582,2.624497137367117,0.685,68.5,6.196982499059544,6.073829594421948,32.22648174590001,0.15,0.165,97.57369000004837,
2032,M6_OOT_Adaptive_EnbPI,13.219792213180526,3.6359032183462374,2.7601205319750646,0.94,94.0,14.37148145607538,14.12541529202105,18.16224257235186,0.03,0.03,356.2602320999722,300.0
2033,M1_DistPred_ANN,15.414293858833107,3.9261041579195406,3.177191999622463,0.945,94.5,15.238049987318556,15.141943342043348,18.222821439647728,0.035,0.02,12.588496000040323,
2033,M2_DistPred_Minusformer,18.50583849977927,4.301841291793465,3.4940074261138405,0.88,88.0,13.43107620811705,13.094354830292998,22.21005544725732,0.045,0.075,13.061699700076133,
2033,M3_Quantile_ANN,16.277698147432808,4.034562943793641,3.19050258018088,0.86,86.0,12.042041716935678,11.701880248009607,22.262245309278725,0.045,0.095,12.654783400008455,
2033,M4_Quantile_Minusformer,16.06204591201422,4.007748234609332,3.1215765755328237,0.485,48.5,5.383711036505741,5.144974003301417,52.85975977699246,0.28,0.235,13.042290000070352,
2033,M5_SortBootstrap_ANN,14.254031799650498,3.775451204776788,3.0198652634650887,0.64,64.0,6.825939339198269,6.749521014689049,37.054876523664355,0.175,0.185,15.526913000037894,
2033,M6_OOT_Adaptive_EnbPI,16.467474892853367,4.058013663463119,3.1980992807663666,0.895,89.5,13.237682620501086,13.318779120883361,22.158557405333585,0.06,0.045,379.4876511999755,400.0
2034,M1_DistPred_ANN,8.363034452571439,2.8918911550353066,2.285255582194668,0.955,95.5,11.756797676357046,11.359331760720785,13.690036685324458,0.03,0.015,28.954090199957136,
2034,M2_DistPred_Minusformer,9.14124840157494,3.023449751786019,2.3941703922132573,0.89,89.0,10.200662381919637,9.661705996095035,16.380856082360673,0.045,0.065,29.571769900037907,
2034,M3_Quantile_ANN,8.713059784876412,2.951789251433173,2.3188279063696804,0.935,93.5,11.389646273525969,11.41201514957748,13.719479274913203,0.03,0.035,28.87554340000497,
2034,M4_Quantile_Minusformer,9.62271370028982,3.102049919051887,2.4978866141161324,0.935,93.5,13.842128355773703,12.969571913902286,16.56860718798757,0.02,0.045,31.087037799996324,
2034,M5_SortBootstrap_ANN,7.351815937293402,2.711423230942267,2.118709609575406,0.705,70.5,5.548270526221558,5.459864031280547,24.259970780915285,0.14,0.155,31.66104490001453,
2034,M6_OOT_Adaptive_EnbPI,9.368288596052624,3.0607660145873,2.422718559834209,0.915,91.5,11.556415651517533,11.50359761519986,15.212494973543198,0.035,0.05,397.80517090001376,400.0
2035,M1_DistPred_ANN,10.302227814785551,3.2097083691179096,2.5825637831697263,0.925,92.5,12.035015213147823,11.88331031723907,16.41253982319214,0.035,0.04,76.3618279999937,
2035,M2_DistPred_Minusformer,10.94318039930033,3.3080478230068455,2.655275824330748,0.92,92.0,12.012819050804797,11.629213960940403,17.34511850731172,0.035,0.045,76.77255269995658,
2035,M3_Quantile_ANN,10.329327072882979,3.213927048469361,2.546204814594507,0.915,91.5,11.76938005234403,11.317568954761365,17.74772511416152,0.03,0.055,76.34114720002981,
2035,M4_Quantile_Minusformer,9.75844392824645,3.1238508172200623,2.50916483499246,0.425,42.5,3.945130228542807,3.879727028368065,44.4781858364668,0.29,0.285,76.77282209997065,
2035,M5_SortBootstrap_ANN,8.695337779307458,2.9487858144170893,2.3515270223034737,0.705,70.5,6.072929618049497,5.954600945702237,25.375222398237394,0.145,0.15,78.6995594999753,
2035,M6_OOT_Adaptive_EnbPI,10.37344924025278,3.2207839480866736,2.608008495485292,0.985,98.5,16.61533639229716,16.50992624516889,16.924843149325262,0.005,0.01,384.0188852000283,300.0
2036,M1_DistPred_ANN,7.717597665450545,2.778056454691039,2.2523551443282623,0.88,88.0,9.44545787228011,9.255178205059998,12.374308637716194,0.045,0.075,80.73171640001237,
2036,M2_DistPred_Minusformer,7.271672849382466,2.696603947446207,2.1989040350532307,0.895,89.5,10.723278058895097,10.21211531505401,13.727141495615049,0.04,0.065,81.02607289998559,
2036,M3_Quantile_ANN,7.4836354610175295,2.73562341359653,2.1737342753124866,0.9,90.0,10.19647618544959,10.235321818131258,13.122611453169489,0.04,0.06,80.6729137999937,
2036,M4_Quantile_Minusformer,7.935799023481642,2.8170550267045975,2.322072579960264,0.68,68.0,5.696252018490064,5.616147549272439,23.886089044223255,0.09,0.23,81.14234869997017,
2036,M5_SortBootstrap_ANN,6.392484815835202,2.5283363731582873,2.0060560506241876,0.715,71.5,5.422700957741778,5.427701158876486,21.075673425584572,0.135,0.15,83.85329030000139,
2036,M6_OOT_Adaptive_EnbPI,7.595653948100026,2.756021398338559,2.225459316621933,0.965,96.5,13.9271984054743,14.532201171653815,14.686519852757282,0.01,0.025,367.3640024999622,200.0
2037,M1_DistPred_ANN,7.187810639627414,2.6810092576541793,2.162176734610174,0.97,97.0,12.069014655471308,11.983681391522808,13.591995095175031,0.02,0.01,21.35200040001655,
2037,M2_DistPred_Minusformer,7.641357059161306,2.7643004647037386,2.231087252568259,0.93,93.0,10.194497661710244,10.016835786582362,13.024496508997661,0.035,0.035,21.90437699999893,
2037,M3_Quantile_ANN,6.876001596327909,2.6222131103950934,2.104349889886615,0.92,92.0,8.912946341753463,8.819885643179756,12.159068397465694,0.035,0.045,21.364413600007538,
2037,M4_Quantile_Minusformer,8.974997068005859,2.9958299464431986,2.3788803124330413,0.8,80.0,9.241017988443833,7.86383952192011,17.74780088342621,0.125,0.075,23.811711899994407,
2037,M5_SortBootstrap_ANN,6.494218041197764,2.5483755691023573,2.038559430675444,0.655,65.5,5.124906602463211,5.1481683831923934,21.984007209818184,0.17,0.175,23.98441609996371,
2037,M6_OOT_Adaptive_EnbPI,7.981087864046593,2.8250819216522896,2.2945984599280207,0.965,96.5,11.241432400278404,11.261574315532641,12.40770646272111,0.02,0.015,371.6219375000219,300.0
2038,M1_DistPred_ANN,6.519221441274369,2.5532766088448717,2.0282828476634274,0.915,91.5,9.749465844295223,9.449193830709984,12.05147131507581,0.05,0.035,12.850009299989324,
2038,M2_DistPred_Minusformer,6.777435007465597,2.6033507269412617,2.040736663826188,0.88,88.0,9.547299269995888,8.959857487596505,14.52389710109619,0.05,0.07,14.179114900063723,
2038,M3_Quantile_ANN,6.840649743991884,2.6154635810868947,2.072642313951302,0.885,88.5,9.111870865187845,9.186027207964708,12.744339306635425,0.05,0.065,12.817131799994968,
2038,M4_Quantile_Minusformer,6.495699455798084,2.548666211138305,2.027450081908624,0.655,65.5,5.139575380943021,5.13471161977845,23.5774036912277,0.19,0.155,13.442353900056332,
2038,M5_SortBootstrap_ANN,6.1626978224591245,2.482478161527131,1.9477792953030368,0.685,68.5,5.2253848734211665,5.21296965120395,21.08493758708575,0.155,0.16,15.964844700007234,
2038,M6_OOT_Adaptive_EnbPI,6.416033116095662,2.5329889688065483,2.0137236774770533,0.97,97.0,11.906374960446687,11.831290065577768,13.136842203324031,0.02,0.01,371.5069062000257,400.0
2039,M1_DistPred_ANN,13.002836145070665,3.6059445565719206,2.790570187262282,0.93,93.0,13.895381964584535,12.664889165794328,16.684911848432876,0.04,0.03,102.99703349999618,
2039,M2_DistPred_Minusformer,15.2322823177188,3.902855661912031,3.059304190782716,0.915,91.5,12.975298500200456,12.012703276266478,18.88203857597986,0.045,0.04,103.43097079993458,
2039,M3_Quantile_ANN,13.110985859994896,3.620909534908998,2.8259358488598654,0.925,92.5,13.342416027923768,12.142081096142444,16.93563567882662,0.035,0.04,102.96777449996443,
2039,M4_Quantile_Minusformer,16.146760200007048,4.0183031493414045,3.0694949036236956,0.825,82.5,11.73469235136146,10.74511692863398,21.637105648247843,0.09,0.085,103.77051770000253,
2039,M5_SortBootstrap_ANN,11.605623678123361,3.406702757524255,2.6203377852145673,0.685,68.5,6.402888398649825,5.980199965352944,30.206747617323,0.15,0.165,105.5793735999614,
2039,M6_OOT_Adaptive_EnbPI,12.67142543269187,3.5596945701410774,2.781242217545438,0.935,93.5,12.729093476050684,12.592934608919405,18.766328254319436,0.035,0.03,368.1675282000215,200.0
